prompt_type,strict_precision,strict_recall,strict_f1,relaxed_precision,relaxed_recall,relaxed_f1,doc_constraint_subs,code_constraint_subs,input_tokens,output_tokens,elapsed_seconds,parse_fail_pct,none_pct,exact_match_pct
vanilla,0.327,0.473,0.366,0.379,0.564,0.427,1.551,1.807,395.870,15.793,0.841,0.57,29.64,15.49
rand k=1,0.432,0.579,0.467,0.517,0.710,0.562,1.551,2.075,571.046,16.637,0.912,0.38,10.13,22.94
rand k=2,0.456,0.627,0.500,0.544,0.755,0.596,1.551,2.174,734.310,16.918,0.957,0.57,5.54,24.28
rand k=4,0.505,0.664,0.544,0.592,0.785,0.638,1.551,2.174,1042.715,16.321,1.005,0.0,3.06,28.49
rand k=8,0.526,0.682,0.564,0.604,0.794,0.648,1.551,2.239,1681.996,16.075,1.093,0.0,2.29,31.36
rand k=16,0.550,0.704,0.589,0.629,0.809,0.672,1.551,2.189,2995.283,15.446,1.281,0.0,1.72,33.84
rand k=32,0.534,0.696,0.576,0.607,0.797,0.653,1.551,2.185,5575.065,15.786,1.686,0.19,2.68,30.98
rand k=64,0.510,0.671,0.553,0.582,0.781,0.633,1.551,2.132,10752.119,16.178,2.580,0.0,4.59,30.59
rand k=128,0.437,0.600,0.481,0.521,0.720,0.570,1.551,2.101,21077.644,42.019,5.031,0.0,9.37,23.14
sr k=1,0.467,0.622,0.506,0.544,0.736,0.590,1.551,2.113,569.434,17.013,0.916,0.57,7.07,26.0
sr k=2,0.505,0.649,0.541,0.586,0.769,0.631,1.551,2.082,745.576,16.860,0.957,0.57,4.97,30.59
sr k=4,0.538,0.684,0.576,0.618,0.799,0.663,1.551,2.132,1073.711,16.082,1.005,0.38,2.49,33.84
sr k=8,0.564,0.699,0.597,0.639,0.810,0.680,1.551,2.098,1733.839,16.054,1.103,0.19,1.72,37.28
sr k=16,0.568,0.705,0.602,0.644,0.820,0.687,1.551,2.168,3011.270,15.235,1.289,0.0,0.76,36.33
sr k=32,0.551,0.703,0.589,0.630,0.819,0.676,1.551,2.141,5666.434,16.029,1.719,0.0,0.76,34.23
sr k=64,0.548,0.701,0.588,0.619,0.812,0.667,1.551,2.193,10945.128,18.231,2.680,0.0,2.29,33.08
sr k=128,0.481,0.634,0.521,0.567,0.751,0.610,1.551,2.055,21553.371,66.390,5.597,0.19,4.4,28.87
cot-unst,0.508,0.632,0.540,0.607,0.764,0.644,1.551,2.124,451.870,229.220,4.652,0.0,3.63,34.99
cot-woex,0.539,0.629,0.558,0.635,0.756,0.657,1.551,2.033,527.870,311.532,6.111,0.0,2.49,39.2
cot-expl,0.521,0.591,0.533,0.615,0.705,0.628,1.551,1.715,552.870,298.964,5.885,0.0,8.8,38.24
cot-exim,0.541,0.727,0.592,0.620,0.831,0.675,1.551,2.291,696.870,381.623,7.340,0.0,2.49,31.93
slice-slextra,0.393,0.540,0.434,0.468,0.647,0.515,1.551,1.839,508.187,13.992,0.851,0.19,19.69,19.5
slice-slonly,0.387,0.522,0.425,0.459,0.615,0.501,1.551,1.646,362.317,12.361,0.797,0.19,25.05,20.84
mix,0.578,0.690,0.606,0.658,0.793,0.689,1.551,2.011,4919.598,362.398,7.682,0.0,4.02,40.15
