id,doc_constraint,code_constraint,code_constraint_simplified,parse_failed,strict_precision,strict_recall,strict_f1,relaxed_precision,relaxed_recall,relaxed_f1,doc_constraint_subs,code_constraint_subs,input_tokens,output_tokens,elapsed_seconds
mean,,,,0.002,0.582,0.640,0.593,0.635,0.698,0.645,1.551,1.369,503.489,9.713,8.144
36,inputMethod != null,(inputMethod != null),inputMethod != null,0,1.00000,1.00000,1.00000,1.00000,1.00000,1.00000,1,1,368,5,10.688
38,inputMethod != null,inputMethod != null,inputMethod != null,0,1.00000,1.00000,1.00000,1.00000,1.00000,1.00000,1,1,370,4,11.217
119,block != null,block != null,block != null,0,1.00000,1.00000,1.00000,1.00000,1.00000,1.00000,1,1,505,3,10.903
153,maxAttempts == null || maxAttempts >= 1,maxAttempts == null || maxAttempts >= 1,maxAttempts == null || maxAttempts >= 1,0,1.00000,1.00000,1.00000,1.00000,1.00000,1.00000,1,1,380,10,11.916
155,backoffMultiplier == null || backoffMultiplier >= 1.0,(backoffMultiplier == null || backoffMultiplier >= 1.0),backoffMultiplier == null || backoffMultiplier >= 1.0,0,1.00000,1.00000,1.00000,1.00000,1.00000,1.00000,1,1,400,15,7.165
176,rule != null,rule != null,rule != null,0,1.00000,1.00000,1.00000,1.00000,1.00000,1.00000,1,1,434,3,7.39
184,key != null && null != targetClass,None,,0,0.00000,0.00000,0.00000,0.00000,0.00000,0.00000,2,0,457,1,6.009
186,key != null,key != null,key != null,0,1.00000,1.00000,1.00000,1.00000,1.00000,1.00000,1,1,357,3,4.829
187,key != null,key != null,key != null,0,1.00000,1.00000,1.00000,1.00000,1.00000,1.00000,1,1,356,3,6.586
188,key != null,key != null,key != null,0,1.00000,1.00000,1.00000,1.00000,1.00000,1.00000,1,1,385,3,15.417
189,scoreThreshold >= 0.0 && scoreThreshold <= 1.0,(scoreThreshold >= 0.0 && scoreThreshold <= 1.0),scoreThreshold >= 0.0 && scoreThreshold <= 1.0,0,1.00000,1.00000,1.00000,1.00000,1.00000,1.00000,2,2,404,16,6.783
190,limit > 0,limit > 0,limit > 0,0,1.00000,1.00000,1.00000,1.00000,1.00000,1.00000,1,1,356,4,26.111
194,skillId != null,skillId != null && exists(skillId),exists(skillId) && skillId != null,0,0.50000,1.00000,0.66667,0.50000,1.00000,0.66667,1,2,559,9,12.296
195,skillId != null,skillId != null,skillId != null,0,1.00000,1.00000,1.00000,1.00000,1.00000,1.00000,1,1,358,4,7.184
196,toolkit != null,(toolkit != null),toolkit != null,0,1.00000,1.00000,1.00000,1.00000,1.00000,1.00000,1,1,369,5,4.635
197,skill != null,skill != null,skill != null,0,1.00000,1.00000,1.00000,1.00000,1.00000,1.00000,1,1,406,3,6.426
221,zipBytes.length > 0 && zipBytes != null,(zipBytes != null) && (zipBytes.length != 0),zipBytes != null && zipBytes.length != 0,0,1.00000,1.00000,1.00000,1.00000,1.00000,1.00000,2,2,407,14,9.519
222,zipPath != null,zipPath != null,zipPath != null,0,1.00000,1.00000,1.00000,1.00000,1.00000,1.00000,1,1,423,4,6.637
223,zipStream != null,zipStream != null,zipStream != null,0,1.00000,1.00000,1.00000,1.00000,1.00000,1.00000,1,1,876,4,9.862
230,object != null,(object != null),object != null,0,1.00000,1.00000,1.00000,1.00000,1.00000,1.00000,1,1,376,4,5.809
5307,!name.isEmpty() && name != null && null != value,!isNullOrEmpty(name) && !name.trim().isEmpty() && value != null,!isNullOrEmpty(name) && !name.trim().isEmpty() && value != null,0,0.33333,0.33333,0.33333,0.63147,0.63147,0.63147,3,3,578,19,16.032
233,type.isInstance(object) && key != null && null != type && null != object,(key != null) && (type != null) && (object != null) && (type.isInstance(object)),type.isInstance(object) && key != null && null != type && null != object,0,1.00000,1.00000,1.00000,1.00000,1.00000,1.00000,4,4,562,23,7.328
337,data != null,data != null && targetClass != null,data != null && null != targetClass,0,0.50000,1.00000,0.66667,0.50000,1.00000,0.66667,1,2,420,8,6.245
341,jsonCodec != null,jsonCodec != null,jsonCodec != null,0,1.00000,1.00000,1.00000,1.00000,1.00000,1.00000,1,1,364,4,5.253
352,days <= 90,None,,0,0.00000,0.00000,0.00000,0.00000,0.00000,0.00000,1,0,518,1,5.434
353,hours <= 168,None,,0,0.00000,0.00000,0.00000,0.00000,0.00000,0.00000,1,0,518,1,5.497
400,!clientName.isEmpty() && clientName != null,clientName != null && !clientName.trim().isEmpty(),!clientName.trim().isEmpty() && clientName != null,0,0.50000,0.50000,0.50000,0.94445,0.94445,0.94445,2,2,392,13,10.526
402,topK > 0,topK > 0,topK > 0,0,1.00000,1.00000,1.00000,1.00000,1.00000,1.00000,1,1,418,5,5.774
466,(source instanceof URLSource || source instanceof Base64Source) && source != null,(source != null) && (source instanceof URLSource || source instanceof Base64Source),(source instanceof URLSource || source instanceof Base64Source) && source != null,0,1.00000,1.00000,1.00000,1.00000,1.00000,1.00000,2,2,583,17,8.436
467,(source instanceof URLSource || source instanceof Base64Source) && source != null,(source != null) && ((source instanceof URLSource && ((URLSource) source).getUrl() != null && !((URLSource) source).getUrl().isEmpty()) || (source instanceof Base64Source && ((Base64Source) source).getData() != null && !((Base64Source) source).getData().isEmpty())),(source instanceof URLSource || source instanceof Base64Source) && source != null && (source instanceof URLSource || !((Base64Source) source).getData().isEmpty()) && (source instanceof Base64Source || !((URLSource) source).getUrl().isEmpty()) && (source instanceof URLSource || null != ((Base64Source) source).getData()) && (source instanceof Base64Source || null != ((URLSource) source).getUrl()) && (!((URLSource) source).getUrl().isEmpty() || !((Base64Source) source).getData().isEmpty()) && (!((URLSource) source).getUrl().isEmpty() || null != ((Base64Source) source).getData()) && (!((Base64Source) source).getData().isEmpty() || null != ((URLSource) source).getUrl()) && (null != ((URLSource) source).getUrl() || null != ((Base64Source) source).getData()),0,0.20000,1.00000,0.33333,0.20000,1.00000,0.33333,2,10,584,71,6.001
476,"speed >= 0.25 && speed <= 4.0 && (responseFormat.equals(""mp3"") || responseFormat.equals(""opus"") || responseFormat.equals(""aac"") || responseFormat.equals(""flac"")) && (voice.equals(""alloy"") || voice.equals(""echo"") || voice.equals(""fable"") || voice.equals(""onyx"") || voice.equals(""nova"") || voice.equals(""shimmer""))",None,,0,0.00000,0.00000,0.00000,0.00000,0.00000,0.00000,4,0,1434,1,4.863
484,dataSource != null,dataSource != null,dataSource != null,0,1.00000,1.00000,1.00000,1.00000,1.00000,1.00000,1,1,530,4,13.825
489,version == null || null == label,None,,0,0.00000,0.00000,0.00000,0.00000,0.00000,0.00000,1,0,613,1,29.289
562,rerankMinScore >= 0.01 && rerankMinScore <= 1.00,rerankMinScore == null || (rerankMinScore >= 0.01f && rerankMinScore <= 1.00f),rerankMinScore == null || rerankMinScore >= 0.01f && rerankMinScore <= 1.00f,0,0.25000,0.50000,0.33333,0.25000,0.50000,0.33333,2,1,449,30,7.538
563,rerankTopN >= 1 && rerankTopN <= 20 && rerankTopN != null,rerankTopN == null || (rerankTopN >= 1 && rerankTopN <= 20),rerankTopN == null || rerankTopN >= 1 && rerankTopN <= 20,0,0.25000,0.33333,0.28571,0.33335,0.33333,0.33334,3,1,429,24,10.177
573,maxRetries >= 0,maxRetries == null || maxRetries >= 0,maxRetries == null || maxRetries >= 0,0,0.50000,1.00000,0.66667,0.50000,1.00000,0.66667,1,1,376,10,16.237
576,scoreThreshold >= 0.0 && scoreThreshold <= 1.0,scoreThreshold == null || (scoreThreshold >= 0.0 && scoreThreshold <= 1.0),scoreThreshold == null || scoreThreshold >= 0.0 && scoreThreshold <= 1.0,0,0.25000,0.50000,0.33333,0.25000,0.50000,0.33333,2,1,416,22,7.747
577,weights >= 0.0 && weights <= 1.0,(weights == null || (weights >= 0.0 && weights <= 1.0)),weights == null || weights >= 0.0 && weights <= 1.0,0,0.25000,0.50000,0.33333,0.25000,0.50000,0.33333,2,1,402,19,9.151
579,topK > 0,topK == null || topK > 0,topK == null || topK > 0,0,0.50000,1.00000,0.66667,0.50000,1.00000,0.66667,1,1,382,10,5.572
587,vectorSimilarityWeight >= 0.0 && vectorSimilarityWeight <= 1.0,vectorSimilarityWeight == null || (vectorSimilarityWeight >= 0.0 && vectorSimilarityWeight <= 1.0),vectorSimilarityWeight == null || vectorSimilarityWeight >= 0.0 && vectorSimilarityWeight <= 1.0,0,0.25000,0.50000,0.33333,0.25000,0.50000,0.33333,2,1,438,25,12.69
589,similarityThreshold >= 0.0 && similarityThreshold <= 1.0,similarityThreshold == null || (similarityThreshold >= 0.0 && similarityThreshold <= 1.0),similarityThreshold == null || similarityThreshold >= 0.0 && similarityThreshold <= 1.0,0,0.25000,0.50000,0.33333,0.25000,0.50000,0.33333,2,1,431,24,6.39
629,vector1.length == vector2.length && vector1.length > 0 && 0 < vector2.length && vector1 != null && null != vector2,vector1 != null && vector2 != null && vector1.length == vector2.length,vector1.length == vector2.length && vector1 != null && null != vector2,0,1.00000,0.60000,0.75000,1.00000,0.60000,0.75000,5,3,502,17,7.401
630,vector1.length == vector2.length && vector1.length > 0 && 0 < vector2.length && vector1 != null && null != vector2,(vector1 != null && vector2 != null && vector2.length >= vector1.length),vector2.length >= vector1.length && vector1 != null && null != vector2,0,0.66667,0.40000,0.50000,0.91667,0.55000,0.68750,5,3,433,18,6.457
631,vector1.length == vector2.length && vector1.length > 0 && 0 < vector2.length && vector1 != null && null != vector2,(vector1 != null) && (vector2 != null) && (vector1.length > 0) && (vector2.length > 0) && (vector1.length == vector2.length),vector1.length == vector2.length && vector1.length > 0 && 0 < vector2.length && vector1 != null && null != vector2,0,1.00000,1.00000,1.00000,1.00000,1.00000,1.00000,5,5,617,40,7.371
635,embedding != null,(embedding != null) && (embedding.length == dimensions),embedding.length == dimensions && embedding != null,0,0.50000,1.00000,0.66667,0.50000,1.00000,0.66667,1,2,459,12,8.702
659,!keyPrefix.isBlank() && keyPrefix != null,keyPrefix != null && !keyPrefix.isBlank(),!keyPrefix.isBlank() && keyPrefix != null,0,1.00000,1.00000,1.00000,1.00000,1.00000,1.00000,2,2,388,11,6.337
663,redisClusterClient != null,redisClusterClient != null,redisClusterClient != null,0,1.00000,1.00000,1.00000,1.00000,1.00000,1.00000,1,1,447,5,7.627
665,redisClient != null,redisClient != null,redisClient != null,0,1.00000,1.00000,1.00000,1.00000,1.00000,1.00000,1,1,435,4,7.518
710,taskId != null,(taskId != null),taskId != null,0,1.00000,1.00000,1.00000,1.00000,1.00000,1.00000,1,1,428,5,5.35
718,repeatTime >= 1,(repeatTime >= 1),repeatTime >= 1,0,1.00000,1.00000,1.00000,1.00000,1.00000,1.00000,1,1,370,7,21.265
744,"!path.isBlank() && !path.contains("".."") && path != null","(path != null && !path.isBlank()) && null && !path.isBlank()) && !path.contains("".."")",parse_error: mismatched parentheses,1,0.00000,0.00000,0.00000,0.00000,0.00000,0.00000,3,0,417,24,11.3
749,bytes > 0,bytes > 0,bytes > 0,0,1.00000,1.00000,1.00000,1.00000,1.00000,1.00000,1,1,380,4,5.696
763,ctx != null,(ctx != null) && (ctx.get(SandboxContext.class) != null),ctx != null && null != ctx.get(SandboxContext.class),0,0.50000,1.00000,0.66667,0.50000,1.00000,0.66667,1,2,598,16,18.22
768,agentId != null,((scope != IsolationScope.SESSION) || (ctx != null && ctx.getSessionId() != null && !ctx.getSessionId().isBlank())) && ((scope != IsolationScope.AGENT) || agentId != null),(!ctx.getSessionId().isBlank() || scope != IsolationScope.SESSION) && (scope != IsolationScope.SESSION || ctx != null) && (scope != IsolationScope.SESSION || null != ctx.getSessionId()) && (scope != IsolationScope.AGENT || null != agentId),0,0.12500,1.00000,0.22222,0.12500,1.00000,0.22222,1,4,939,46,9.165
774,catalog != null && null != filter,None,,0,0.00000,0.00000,0.00000,0.00000,0.00000,0.00000,2,0,575,1,6.261
800,blinkRate >= TERMINAL_CURSOR_BLINK_RATE_MIN && blinkRate <= TERMINAL_CURSOR_BLINK_RATE_MAX,blinkRate == 0 || (blinkRate >= TERMINAL_CURSOR_BLINK_RATE_MIN && blinkRate <= TERMINAL_CURSOR_BLINK_RATE_MAX),blinkRate == 0 || blinkRate >= TERMINAL_CURSOR_BLINK_RATE_MIN && blinkRate <= TERMINAL_CURSOR_BLINK_RATE_MAX,0,0.25000,0.50000,0.33333,0.25000,0.50000,0.33333,2,1,541,29,4.545
934,code != null,code != null,code != null,0,1.00000,1.00000,1.00000,1.00000,1.00000,1.00000,1,1,1941,3,6.273
935,code != null,sessionId != null && code != null,sessionId != null && null != code,0,0.50000,1.00000,0.66667,0.50000,1.00000,0.66667,1,2,630,8,7.479
944,!named.isEmpty() && named != null,(sql != null) && (named != null) && (!named.isEmpty()),!named.isEmpty() && sql != null && null != named,0,0.66667,1.00000,0.80000,0.66667,1.00000,0.80000,2,3,972,16,8.286
968,days >= 1 && days <= 14,None,,0,0.00000,0.00000,0.00000,0.00000,0.00000,0.00000,2,0,373,1,5.638
978,roots != null,roots != null,roots != null,0,1.00000,1.00000,1.00000,1.00000,1.00000,1.00000,1,1,374,3,7.95
987,resourceRegsitrations != null,resourceRegsitrations != null,resourceRegsitrations != null,0,1.00000,1.00000,1.00000,1.00000,1.00000,1.00000,1,1,398,6,5.717
988,tool != null && null != handler,tool != null && handler != null,tool != null && null != handler,0,1.00000,1.00000,1.00000,1.00000,1.00000,1.00000,2,2,393,7,6.294
989,!name.isEmpty() && !version.isEmpty() && name != null && null != version,name != null && !name.isEmpty() && version != null && !version.isEmpty(),!name.isEmpty() && !version.isEmpty() && name != null && null != version,0,1.00000,1.00000,1.00000,1.00000,1.00000,1.00000,4,4,383,19,7.425
990,prompts != null,prompts != null,prompts != null,0,1.00000,1.00000,1.00000,1.00000,1.00000,1.00000,1,1,355,4,8.414
1045,connectionId != null && null != data,(connectionId != null) && (data != null) && (offset >= 0) && (length >= 0) && (offset + length <= data.length),offset >= 0 && 0 <= length && offset + length <= data.length && connectionId != null && null != data,0,0.40000,1.00000,0.57143,0.40000,1.00000,0.57143,2,5,457,34,6.943
1047,connectionId != null && null != data,None,,0,0.00000,0.00000,0.00000,0.00000,0.00000,0.00000,2,0,415,1,9.886
1086,!host.isEmpty() && host != null,"(host != null) && (!isBlacklisted(normalize(host))) && (!isBlacklisted(normalize(host) + "":"" + port))","!isBlacklisted(normalize(host)) && !isBlacklisted(normalize(host) + "":"" + port) && host != null",0,0.33333,0.50000,0.40000,0.37121,0.55682,0.44545,2,3,524,27,6.571
1315,value instanceof Number || value instanceof Boolean || value instanceof Character || value instanceof String,value != null && (value instanceof Number || value instanceof String || value instanceof Boolean || value instanceof Character),value != null && (value instanceof Number || value instanceof String || value instanceof Boolean || value instanceof Character),0,0.50000,1.00000,0.66667,0.50000,1.00000,0.66667,1,2,480,21,6.478
1461,myContext instanceof XPathContext,None,,0,0.00000,0.00000,0.00000,0.00000,0.00000,0.00000,1,0,464,1,6.322
1525,newData.length() <= 21845,newData != null,newData != null,0,0.00000,0.00000,0.00000,0.35500,0.35500,0.35500,1,1,462,4,17.707
1569,name != null,(name != null) && (name.equals(XMLConstants.FEATURE_SECURE_PROCESSING)),name.equals(XMLConstants.FEATURE_SECURE_PROCESSING) && name != null,0,0.50000,1.00000,0.66667,0.50000,1.00000,0.66667,1,2,472,17,6.525
1589,!source instanceof DOMSource,source != null,source != null,0,0.00000,0.00000,0.00000,0.55220,0.55220,0.55220,1,1,1615,3,5.43
1591,result != null,result != null,result != null,0,1.00000,1.00000,1.00000,1.00000,1.00000,1.00000,1,1,501,3,7.067
1600,name != null,validOutputProperty(name),validOutputProperty(name),0,0.00000,0.00000,0.00000,0.12000,0.12000,0.12000,1,1,388,5,5.313
1607,insertedChild != null,insertedChild != null,insertedChild != null,0,1.00000,1.00000,1.00000,1.00000,1.00000,1.00000,1,1,493,5,5.863
1675,how == EXTRACT_CONTENTS || how == CLONE_CONTENTS || how == DELETE_CONTENTS,n != null,n != null,0,0.00000,0.00000,0.00000,0.00000,0.00000,0.00000,1,1,529,3,6.138
1676,how == EXTRACT_CONTENTS || how == CLONE_CONTENTS || how == DELETE_CONTENTS,n != null,n != null,0,0.00000,0.00000,0.00000,0.00000,0.00000,0.00000,1,1,552,3,5.153
1677,how == EXTRACT_CONTENTS || how == CLONE_CONTENTS || how == DELETE_CONTENTS,((how != CLONE_CONTENTS && how != EXTRACT_CONTENTS) || n != null),n != null || how != CLONE_CONTENTS && how != EXTRACT_CONTENTS,0,0.00000,0.00000,0.00000,0.16668,0.22223,0.19049,1,1,392,20,8.088
1679,how == EXTRACT_CONTENTS || how == CLONE_CONTENTS || how == DELETE_CONTENTS,None,,0,0.00000,0.00000,0.00000,0.00000,0.00000,0.00000,1,0,587,1,9.745
1680,how == EXTRACT_CONTENTS || how == CLONE_CONTENTS || how == DELETE_CONTENTS,None,,0,0.00000,0.00000,0.00000,0.00000,0.00000,0.00000,1,0,657,1,7.459
1681,how == EXTRACT_CONTENTS || how == CLONE_CONTENTS || how == DELETE_CONTENTS,None,,0,0.00000,0.00000,0.00000,0.00000,0.00000,0.00000,1,0,719,1,12.772
1682,how == EXTRACT_CONTENTS || how == CLONE_CONTENTS || how == DELETE_CONTENTS,None,,0,0.00000,0.00000,0.00000,0.00000,0.00000,0.00000,1,0,680,1,6.332
1737,delimiter.length() > 0 && delimiter != null,delimiter != null && delimiter.length() > 0 && buffer != null,delimiter.length() > 0 && delimiter != null && null != buffer,0,0.66667,1.00000,0.80000,0.66667,1.00000,0.80000,2,3,1522,14,6.004
1782,name != null,(name != null),name != null,0,1.00000,1.00000,1.00000,1.00000,1.00000,1.00000,1,1,481,4,5.42
1787,prefix != null,prefix != null,prefix != null,0,1.00000,1.00000,1.00000,1.00000,1.00000,1.00000,1,1,367,3,7.734
1815,type == CONDITIONAL_INCLUDE || type == CONDITIONAL_IGNORE,None,,0,0.00000,0.00000,0.00000,0.00000,0.00000,0.00000,1,0,419,1,6.921
1906,index < getNumberOfGroups(),index >= 0 && index < this.nofgroups,index >= 0 && index < this.nofgroups,0,0.00000,0.00000,0.00000,0.39475,0.78950,0.52633,1,2,419,11,7.868
1907,index < getNumberOfGroups(),index >= 0 && index < this.nofgroups,index >= 0 && index < this.nofgroups,0,0.00000,0.00000,0.00000,0.39475,0.78950,0.52633,1,2,541,11,6.458
1908,index < getNumberOfGroups(),index >= 0 && index < nofgroups,index >= 0 && index < nofgroups,0,0.00000,0.00000,0.00000,0.38595,0.77190,0.51460,1,2,419,10,6.423
1978,offset >= 0 && 0 <= count,(count >= 0) && (offset >= 0) && (offset <= fData.length()),count >= 0 && 0 <= offset && offset <= fData.length(),0,0.66667,1.00000,0.80000,0.66667,1.00000,0.80000,2,3,431,20,8.529
1992,year >= 0 && 0 <= month,None,,0,0.00000,0.00000,0.00000,0.00000,0.00000,0.00000,2,0,371,1,10.315
1994,years != null && null != months && null != days && null != hours && null != minutes && null != seconds,None,,0,0.00000,0.00000,0.00000,0.00000,0.00000,0.00000,6,0,439,1,4.511
1995,lexicalRepresentation != null,None,,0,0.00000,0.00000,0.00000,0.00000,0.00000,0.00000,1,0,335,1,6.746
1996,lexicalRepresentation != null,lexicalRepresentation != null,lexicalRepresentation != null,0,1.00000,1.00000,1.00000,1.00000,1.00000,1.00000,1,1,410,5,6.377
1997,day >= 0 && 0 <= hour && 0 <= minute && 0 <= second,None,,0,0.00000,0.00000,0.00000,0.00000,0.00000,0.00000,4,0,403,1,9.169
2000,factor != null,factor != null,factor != null,0,1.00000,1.00000,1.00000,1.00000,1.00000,1.00000,1,1,711,3,8.765
2002,rhs != null,rhs != null,rhs != null,0,1.00000,1.00000,1.00000,1.00000,1.00000,1.00000,1,1,1011,3,5.431
2008,startTimeInstant != null,startTimeInstant != null,startTimeInstant != null,0,1.00000,1.00000,1.00000,1.00000,1.00000,1.00000,1,1,497,5,7.005
2018,rhs != null,rhs != null,rhs != null,0,1.00000,1.00000,1.00000,1.00000,1.00000,1.00000,1,1,842,3,8.331
2038,schemaLanguage.length() > 0 && schemaLanguage != null,(schemaLanguage != null) && (schemaLanguage.length() > 0),schemaLanguage.length() > 0 && schemaLanguage != null,0,1.00000,1.00000,1.00000,1.00000,1.00000,1.00000,2,2,491,15,5.609
2067,errorHandler != null,None,,0,0.00000,0.00000,0.00000,0.00000,0.00000,0.00000,1,0,448,1,7.47
2123,key != null,None,,0,0.00000,0.00000,0.00000,0.00000,0.00000,0.00000,1,0,380,1,13.325
2156,p_uriSpec != null,(p_uriSpec != null) && (p_nStartIndex >= 0) && (p_nStartIndex <= p_uriSpec.length()),p_nStartIndex >= 0 && p_nStartIndex <= p_uriSpec.length() && p_uriSpec != null,0,0.33333,1.00000,0.50000,0.33333,1.00000,0.50000,1,3,1711,28,7.463
2165,p_uriSpec != null,p_uriSpec != null,p_uriSpec != null,0,1.00000,1.00000,1.00000,1.00000,1.00000,1.00000,1,1,865,5,8.144
2167,p_scheme != null,p_scheme != null && isConformantSchemeName(p_scheme),isConformantSchemeName(p_scheme) && p_scheme != null,0,0.50000,1.00000,0.66667,0.50000,1.00000,0.66667,1,2,447,14,8.267
2170,p_uriSpec != null,p_uriSpec.length() > 0,p_uriSpec.length() > 0,0,0.00000,0.00000,0.00000,0.56410,0.56410,0.56410,1,1,510,8,5.998
2174,p_port == -1 || p_port >= 0 && p_port <= 65535,(p_port >= 0 && p_port <= 65535) || p_port == -1,p_port == -1 || p_port >= 0 && p_port <= 65535,0,1.00000,1.00000,1.00000,1.00000,1.00000,1.00000,1,1,440,19,6.842
2175,p_other != null,p_other != null,p_other != null,0,1.00000,1.00000,1.00000,1.00000,1.00000,1.00000,1,1,392,4,5.487
2266,cause != this,(containedException != null || cause == null) && cause != this,cause != this && (null == cause || containedException != null),0,0.50000,1.00000,0.66667,0.50000,1.00000,0.66667,1,2,484,14,13.567
2413,ch != null,None,,0,0.00000,0.00000,0.00000,0.00000,0.00000,0.00000,1,0,453,1,7.633
2461,prefix != null,None,,0,0.00000,0.00000,0.00000,0.00000,0.00000,0.00000,1,0,445,1,7.062
2469,identity != DTM.NULL,identity >= 0,identity >= 0,0,0.00000,0.00000,0.00000,0.47620,0.47620,0.47620,1,1,367,4,6.803
2471,identity != DTM.NULL,(identity >= 0) && ((identity < m_blocksize) || ((identity >>> m_SHIFT) < m_firstch_map.length && (identity & m_MASK) < m_firstch_map[identity >>> m_SHIFT].length)),identity >= 0 && (identity < m_blocksize || (identity >>> m_SHIFT) < m_firstch_map.length) && (identity < m_blocksize || (identity & m_MASK) < m_firstch_map[identity >>> m_SHIFT].length),0,0.00000,0.00000,0.00000,0.15873,0.50000,0.24096,1,3,372,46,10.967
2473,identity != DTM.NULL,identity >= 0,identity >= 0,0,0.00000,0.00000,0.00000,0.47620,0.47620,0.47620,1,1,372,4,7.652
2483,ch != null,(ch != null),ch != null,0,1.00000,1.00000,1.00000,1.00000,1.00000,1.00000,1,1,954,4,7.901
2486,identity != DTM.NULL,identity >= 0,identity >= 0,0,0.00000,0.00000,0.00000,0.47620,0.47620,0.47620,1,1,372,4,7.461
2489,identity != DTM.NULL,identity >= 0,identity >= 0,0,0.00000,0.00000,0.00000,0.47620,0.47620,0.47620,1,1,441,4,11.115
2592,qName != null,None,,0,0.00000,0.00000,0.00000,0.00000,0.00000,0.00000,1,0,446,1,5.335
2594,name.equals(name.toUpperCase()) && name != null,None,,0,0.00000,0.00000,0.00000,0.00000,0.00000,0.00000,2,0,340,1,10.1
2612,resourceName != null,resourceName != null,resourceName != null,0,1.00000,1.00000,1.00000,1.00000,1.00000,1.00000,1,1,979,4,5.513
2645,name != null,None,,0,0.00000,0.00000,0.00000,0.00000,0.00000,0.00000,1,0,349,1,7.27
2646,i < 255,None,,0,0.00000,0.00000,0.00000,0.00000,0.00000,0.00000,1,0,376,1,8.486
2693,start >= 0 && 0 <= length && start + length <= ch.length,ch != null,ch != null,0,0.00000,0.00000,0.00000,0.27780,0.09260,0.13890,3,1,457,3,6.977
2749,p_uriSpec != null,p_uriSpec != null,p_uriSpec != null,0,1.00000,1.00000,1.00000,1.00000,1.00000,1.00000,1,1,1439,5,6.039
2795,l >= 0 && l < getLength(),None,,0,0.00000,0.00000,0.00000,0.00000,0.00000,0.00000,2,0,403,1,6.064
2830,"prefix == null || !prefix.equals(""xml"") && !prefix.equals(""xmlns"")","(prefix != null) && (!prefix.equals(""xml"")) && (!prefix.equals(""xmlns""))","!prefix.equals(""xml"") && !prefix.equals(""xmlns"") && prefix != null",0,0.33333,0.25000,0.28571,0.33333,0.33335,0.33334,1,3,373,18,9.666
2865,sb != null,sb != null,sb != null,0,1.00000,1.00000,1.00000,1.00000,1.00000,1.00000,1,1,333,3,7.144
2950,b,b,b,0,1.00000,1.00000,1.00000,1.00000,1.00000,1.00000,1,1,379,1,8.068
3010,b,b == true,b == true,0,0.00000,0.00000,0.00000,0.11111,0.11111,0.11111,1,1,373,3,8.619
3024,listener != null,listener != null,listener != null,0,1.00000,1.00000,1.00000,1.00000,1.00000,1.00000,1,1,388,3,7.752
3030,cloneOwner != null && null != cloneList,cloneOwner != null,cloneOwner != null,0,1.00000,0.50000,0.66667,1.00000,0.50000,0.66667,2,1,585,4,11.894
3037,opPos > 0 && compiler != null,(compiler != null),compiler != null,0,1.00000,0.50000,0.66667,1.00000,0.50000,0.66667,2,1,501,5,10.535
3053,expr != null,expr != null,expr != null,0,1.00000,1.00000,1.00000,1.00000,1.00000,1.00000,1,1,436,3,5.314
3057,compiler != null,compiler != null,compiler != null,0,1.00000,1.00000,1.00000,1.00000,1.00000,1.00000,1,1,1429,3,5.523
3059,compiler != null,compiler != null,compiler != null,0,1.00000,1.00000,1.00000,1.00000,1.00000,1.00000,1,1,480,3,5.504
3090,name != null,None,,0,0.00000,0.00000,0.00000,0.00000,0.00000,0.00000,1,0,508,1,8.224
3101,n > 1,None,,0,0.00000,0.00000,0.00000,0.00000,0.00000,0.00000,1,0,529,1,7.651
3109,n > 1,None,,0,0.00000,0.00000,0.00000,0.00000,0.00000,0.00000,1,0,501,1,7.246
3110,n > 1,None,,0,0.00000,0.00000,0.00000,0.00000,0.00000,0.00000,1,0,477,1,5.825
3118,n > 1,None,,0,0.00000,0.00000,0.00000,0.00000,0.00000,0.00000,1,0,482,1,11.776
3155,argNum <= 1 && arg != null,(argNum == 0 || argNum == 1) && (argNum != 1 || arg != null),argNum == 0 && argNum != 1 || argNum == 1 && arg != null,0,0.25000,0.50000,0.33333,0.25000,0.50000,0.33333,2,1,412,24,8.077
3166,source != null && null != returnType,source != null && returnType != null && isSupported(returnType),isSupported(returnType) && source != null && null != returnType,0,0.66667,1.00000,0.80000,0.66667,1.00000,0.80000,2,3,625,14,5.524
3167,name != null,name != null,name != null,0,1.00000,1.00000,1.00000,1.00000,1.00000,1.00000,1,1,554,3,12.161
3168,resolver != null,resolver != null,resolver != null,0,1.00000,1.00000,1.00000,1.00000,1.00000,1.00000,1,1,401,3,4.609
3170,objectModel != null && objectModel.length() != 0,objectModel != null && objectModel.length() != 0,objectModel != null && objectModel.length() != 0,0,1.00000,1.00000,1.00000,1.00000,1.00000,1.00000,2,2,505,12,12.297
3171,resolver != null,resolver != null,resolver != null,0,1.00000,1.00000,1.00000,1.00000,1.00000,1.00000,1,1,401,3,5.109
3172,expression != null,expression != null,expression != null,0,1.00000,1.00000,1.00000,1.00000,1.00000,1.00000,1,1,472,3,5.482
3173,returnType != null && expression != null && (returnType == XPathConstants.NUMBER || returnType == XPathConstants.STRING || returnType == XPathConstants.BOOLEAN || returnType == XPathConstants.NODE || returnType == XPathConstants.NODESET),(expression != null) && (returnType != null) && (isSupported(returnType)),isSupported(returnType) && expression != null && null != returnType,0,0.66667,0.66667,0.66667,0.71429,0.67619,0.69472,3,3,707,18,5.88
3179,ch != null,None,,0,0.00000,0.00000,0.00000,0.00000,0.00000,0.00000,1,0,395,1,9.239
3198,prefix != null,(prefix != null) && (toffset >= 0) && (toffset <= this.length() - prefix.length()),toffset >= 0 && toffset <= this.length() - prefix.length() && prefix != null,0,0.33333,1.00000,0.50000,0.33333,1.00000,0.50000,1,3,419,24,13.895
3203,str != null,str != null,str != null,0,1.00000,1.00000,1.00000,1.00000,1.00000,1.00000,1,1,319,3,6.855
3205,xstr != null,xstr != null,xstr != null,0,1.00000,1.00000,1.00000,1.00000,1.00000,1.00000,1,1,428,4,5.394
3215,srcBegin >= 0 && srcBegin <= srcEnd && 0 <= dstBegin && srcEnd <= this.length() && dstBegin + (srcEnd - srcBegin) <= dst.length && dst != null,(dst != null) && (dstBegin >= 0) && (dstBegin <= dst.length) && (srcBegin >= 0) && (srcEnd >= srcBegin),dstBegin >= 0 && dstBegin <= dst.length && 0 <= srcBegin && srcBegin <= srcEnd && dst != null,0,0.80000,0.66667,0.72727,0.95112,0.79260,0.86465,6,5,496,36,10.215
3218,beginIndex >= 0 && beginIndex <= endIndex && endIndex <= this.length(),None,,0,0.00000,0.00000,0.00000,0.00000,0.00000,0.00000,3,0,389,1,5.599
3219,beginIndex >= 0 && beginIndex <= this.length(),None,,0,0.00000,0.00000,0.00000,0.00000,0.00000,0.00000,2,0,367,1,6.12
3223,right != null,right != null,right != null,0,1.00000,1.00000,1.00000,1.00000,1.00000,1.00000,1,1,367,3,6.697
3226,left != null && null != right,left != null,left != null,0,1.00000,0.50000,0.66667,1.00000,0.50000,0.66667,2,1,359,3,7.374
3262,name != null,name != null,name != null,0,1.00000,1.00000,1.00000,1.00000,1.00000,1.00000,1,1,343,3,7.926
3265,name != null,(name != null && value != null && fPropertyManager.containsProperty(name)),fPropertyManager.containsProperty(name) && name != null && null != value,0,0.33333,1.00000,0.50000,0.33333,1.00000,0.50000,1,3,512,15,9.608
3286,(day == null || day.compareTo(BigInteger.ZERO) >= 0) && (null == hour || 0 <= hour.compareTo(BigInteger.ZERO)) && (null == minute || 0 <= minute.compareTo(BigInteger.ZERO)) && (null == second || 0 <= second.compareTo(BigInteger.ZERO)) && (day != null || null != hour || null != minute || null != second),None,,0,0.00000,0.00000,0.00000,0.00000,0.00000,0.00000,5,0,437,1,5.704
3290,years >= 0 && 0 <= months && 0 <= days && 0 <= hours && 0 <= minutes && 0 <= seconds,None,,0,0.00000,0.00000,0.00000,0.00000,0.00000,0.00000,6,0,785,1,22.239
3292,(year == null || year.compareTo(BigInteger.ZERO) >= 0) && (null == month || 0 <= month.compareTo(BigInteger.ZERO)) && (year != null || null != month),None,,0,0.00000,0.00000,0.00000,0.00000,0.00000,0.00000,3,0,393,1,7.131
3306,uri != null,uri != null,uri != null,0,1.00000,1.00000,1.00000,1.00000,1.00000,1.00000,1,1,369,3,5.262
3307,is != null,is != null,is != null,0,1.00000,1.00000,1.00000,1.00000,1.00000,1.00000,1,1,407,3,9.293
3308,is != null,is != null,is != null,0,1.00000,1.00000,1.00000,1.00000,1.00000,1.00000,1,1,373,3,5.074
3309,f != null,f != null,f != null,0,1.00000,1.00000,1.00000,1.00000,1.00000,1.00000,1,1,391,3,7.285
3314,uri != null,uri != null,uri != null,0,1.00000,1.00000,1.00000,1.00000,1.00000,1.00000,1,1,379,3,6.98
3315,uri != null,uri != null,uri != null,0,1.00000,1.00000,1.00000,1.00000,1.00000,1.00000,1,1,379,3,7.562
3316,is != null,is != null,is != null,0,1.00000,1.00000,1.00000,1.00000,1.00000,1.00000,1,1,425,3,5.885
3317,is != null,is != null null,is != null null,0,0.00000,0.00000,0.00000,0.81480,0.81480,0.81480,1,1,421,4,24.177
3318,is != null,is != null,is != null,0,1.00000,1.00000,1.00000,1.00000,1.00000,1.00000,1,1,383,3,5.014
3319,f != null,(f != null),f != null,0,1.00000,1.00000,1.00000,1.00000,1.00000,1.00000,1,1,401,4,5.503
3320,is != null,(is != null),is != null,0,1.00000,1.00000,1.00000,1.00000,1.00000,1.00000,1,1,383,4,9.399
3321,is != null,is != null,is != null,0,1.00000,1.00000,1.00000,1.00000,1.00000,1.00000,1,1,425,3,7.334
3322,is != null,is != null,is != null,0,1.00000,1.00000,1.00000,1.00000,1.00000,1.00000,1,1,423,3,5.661
3323,f != null,(f != null),f != null,0,1.00000,1.00000,1.00000,1.00000,1.00000,1.00000,1,1,401,4,14.022
3337,factoryClassName != null,None,,0,0.00000,0.00000,0.00000,0.00000,0.00000,0.00000,1,0,375,1,11.965
3341,source != null,None,,0,0.00000,0.00000,0.00000,0.00000,0.00000,0.00000,1,0,486,1,5.519
3345,name != null,name != null,name != null,0,1.00000,1.00000,1.00000,1.00000,1.00000,1.00000,1,1,380,3,7.337
3356,uri != null && uri.length() != 0,(uri != null) && (uri.length() != 0),uri != null && uri.length() != 0,0,1.00000,1.00000,1.00000,1.00000,1.00000,1.00000,2,2,612,13,5.061
3357,!uri.isEmpty() && uri != null && null != factoryClassName,(uri != null) && (uri.length() != 0),uri != null && uri.length() != 0,0,1.00000,0.66667,0.80000,1.00000,0.66667,0.80000,3,2,732,13,7.69
3361,classLoader != null,None,,0,0.00000,0.00000,0.00000,0.00000,0.00000,0.00000,1,0,508,1,9.523
3371,value != null,None,,0,0.00000,0.00000,0.00000,0.00000,0.00000,0.00000,1,0,349,1,6.486
3416,parser != null,(parser != null),parser != null,0,1.00000,1.00000,1.00000,1.00000,1.00000,1.00000,1,1,393,4,5.21
3457,!expr.isEmpty() && expr != null,"(expr != null) && (!expr.equals(""""))","!expr.equals("""") && expr != null",0,0.50000,0.50000,0.50000,0.75000,0.75000,0.75000,2,2,518,9,5.752
3512,!bounds.isEmpty() && bounds != null,t != null && bounds != null,t != null && null != bounds,0,0.50000,0.50000,0.50000,0.68335,0.68335,0.68335,2,2,382,7,11.577
3703,radix == 2 || radix == 8 || radix == 10 || radix == 16,None,,0,0.00000,0.00000,0.00000,0.00000,0.00000,0.00000,1,0,683,1,6.341
3736,line >= 1 && 1 <= col,line >= 1 && col >= 1,line >= 1 && 1 <= col,0,1.00000,1.00000,1.00000,1.00000,1.00000,1.00000,2,2,443,9,6.474
3790,name != null,name != null,name != null,0,1.00000,1.00000,1.00000,1.00000,1.00000,1.00000,1,1,615,3,5.648
3799,name != null,name != null,name != null,0,1.00000,1.00000,1.00000,1.00000,1.00000,1.00000,1,1,631,3,8.517
3807,methodOrTypeSignature != null,methodOrTypeSignature != nullTypeSignature != null,methodOrTypeSignature != nullTypeSignature != null,0,0.00000,0.00000,0.00000,0.72000,0.72000,0.72000,1,1,364,10,6.063
3815,name != null,name != null,name != null,0,1.00000,1.00000,1.00000,1.00000,1.00000,1.00000,1,1,438,3,10.479
3816,name != null,None,,0,0.00000,0.00000,0.00000,0.00000,0.00000,0.00000,1,0,555,1,7.391
3836,prefix != null && null != name,prefix != null && name != null && name.length >= prefix.length,name.length >= prefix.length && prefix != null && null != name,0,0.66667,1.00000,0.80000,0.66667,1.00000,0.80000,2,3,398,13,11.409
3844,array != null && null != toBeReplaced,(array != null) && (toBeReplaced != null) && (end <= start || (start >= 0 && end <= array.length)),array != null && null != toBeReplaced && (start >= 0 || end <= start) && (end <= start || end <= array.length),0,0.50000,1.00000,0.66667,0.50000,1.00000,0.66667,2,4,452,30,9.312
3847,array != null,(array != null) && (toBeReplaced != null) && (replacementChars != null),array != null && null != toBeReplaced && null != replacementChars,0,0.33333,1.00000,0.50000,0.33333,1.00000,0.50000,1,3,688,20,6.598
3850,0 <= index && 0 <= start && index <= target.length && start <= end && end <= array.length && target != null && null != array,(target != null) && (array != null) && (index >= 0) && (start >= 0) && (end >= start) && (end <= array.length),index >= 0 && 0 <= start && start <= end && end <= array.length && target != null && null != array,0,1.00000,0.85714,0.92308,1.00000,0.85714,0.92308,7,6,425,37,7.483
3852,target != null,target != null,target != null,0,1.00000,1.00000,1.00000,1.00000,1.00000,1.00000,1,1,443,3,8.626
3853,array != null,array != null,array != null,0,1.00000,1.00000,1.00000,1.00000,1.00000,1.00000,1,1,482,3,6.099
3858,array != null && null != toBeFound,(array != null) && (toBeFound != null) && (array.length >= toBeFound.length),array.length >= toBeFound.length && array != null && null != toBeFound,0,0.66667,1.00000,0.80000,0.66667,1.00000,0.80000,2,3,429,22,7.851
3859,array1 != null && null != array2,(array1 != null) && (array2 != null),array1 != null && null != array2,0,1.00000,1.00000,1.00000,1.00000,1.00000,1.00000,2,2,420,12,8.265
3861,array != null,array != null,array != null,0,1.00000,1.00000,1.00000,1.00000,1.00000,1.00000,1,1,419,3,9.699
3868,fragment != null && null != name,(fragment != null) && (name != null) && (startIndex >= 0) && (name.length >= fragment.length + startIndex),startIndex >= 0 && name.length >= fragment.length + startIndex && fragment != null && null != name,0,0.50000,1.00000,0.66667,0.50000,1.00000,0.66667,2,4,538,29,11.824
3870,array != null && null != toBeFound,(toBeFound != null) && (array != null) && (start >= 0) && (end <= array.length),start >= 0 && end <= array.length && toBeFound != null && null != array,0,0.50000,1.00000,0.66667,0.50000,1.00000,0.66667,2,4,850,26,12.303
3875,array != null && null != prefix,array != null && prefix != null,array != null && null != prefix,0,1.00000,1.00000,1.00000,1.00000,1.00000,1.00000,2,2,428,7,8.153
3880,start >= 0 && end <= array.length,array == null || array.length == 0 || (start >= 0 && start <= end && end <= array.length),array == null || array.length == 0 || array.length >= end && 0 <= start && start <= end,0,0.11111,0.50000,0.18182,0.15123,0.50000,0.23222,2,1,566,25,9.45
3885,start >= 0 && end <= array.length,array != null && array.length > 0 && start >= 0 && start <= end && end <= array.length && openEncl != divider && closeEncl != divider,array.length >= end && 0 <= start && start <= end && array.length > 0 && array != null && openEncl != divider && divider != closeEncl,0,0.28571,1.00000,0.44444,0.28571,1.00000,0.44444,2,7,912,35,8.645
3886,array != null,array != null,array != null,0,1.00000,1.00000,1.00000,1.00000,1.00000,1.00000,1,1,424,3,8.861
3922,"!lastPart.contains(""."")","(lastPart != null) && (!lastPart.contains("".""))","!lastPart.contains(""."") && lastPart != null",0,0.50000,1.00000,0.66667,0.50000,1.00000,0.66667,1,2,580,12,12.92
3927,statusManager != null,statusManager != null,statusManager != null,0,1.00000,1.00000,1.00000,1.00000,1.00000,1.00000,1,1,363,4,8.436
3955,location != null,(location != null),location != null,0,1.00000,1.00000,1.00000,1.00000,1.00000,1.00000,1,1,628,4,6.859
3993,days >= 0,context != null,context != null,0,0.00000,0.00000,0.00000,0.14290,0.14290,0.14290,1,1,508,3,4.833
3997,context != null,intent != null && context != null,intent != null && null != context,0,0.50000,1.00000,0.66667,0.50000,1.00000,0.66667,1,2,548,7,7.647
4023,requestCode >= 0 && (context instanceof Activity || context instanceof AppCompatActivity),context != null && permissions != null,context != null && null != permissions,0,0.00000,0.00000,0.00000,0.21410,0.16550,0.18669,2,2,751,7,7.133
4028,context instanceof Activity || requestCode < 0,context != null,context != null,0,0.00000,0.00000,0.00000,0.22730,0.11365,0.15153,1,1,458,3,6.988
4073,days >= 0,(filePath != null) && (!filePath.isEmpty()) && (days >= 0),!filePath.isEmpty() && days >= 0 && filePath != null,0,0.33333,1.00000,0.50000,0.33333,1.00000,0.50000,1,3,923,19,8.847
4084,context instanceof Activity,context != null,context != null,0,0.00000,0.00000,0.00000,0.19440,0.19440,0.19440,1,1,776,3,7.296
4131,key != null,(properties != null) && (key != null),properties != null && null != key,0,0.50000,1.00000,0.66667,0.50000,1.00000,0.66667,1,2,446,10,7.457
4132,key != null,(map != null) && (key != null) && (value == null || value.getClass().isPrimitive() || Primitives.isWrapperType(value.getClass()) || value instanceof String),map != null && null != key && (value.getClass().isPrimitive() || Primitives.isWrapperType(value.getClass()) || value instanceof String || null == value),0,0.33333,1.00000,0.50000,0.33333,1.00000,0.50000,1,3,586,38,5.834
4217,context instanceof Activity,context != null null,context != null null,0,0.00000,0.00000,0.00000,0.19440,0.19440,0.19440,1,1,429,4,5.0
4233,fraction >= 0 && fraction <= 1,target != null && from != null && to != null && target.length == from.length && from.length == to.length,target.length == from.length && from.length == to.length && target != null && null != from && null != to,0,0.00000,0.00000,0.00000,0.09882,0.24705,0.14117,2,5,580,23,8.232
4237,start >= 0 && start <= original.length && start <= end && original != null,original != null && start <= end && start >= 0 && start <= original.length,start >= 0 && start <= end && start <= original.length && original != null,0,1.00000,1.00000,1.00000,1.00000,1.00000,1.00000,4,4,475,17,7.028
4379,precision >= 0 && precision <= 9,(v == null) || (v instanceof LocalDateTime),v instanceof LocalDateTime || v == null,0,0.00000,0.00000,0.00000,0.05450,0.05450,0.05450,2,1,488,12,6.52
4386,0 <= maxRecords,maxRecords >= 0,maxRecords >= 0,0,1.00000,1.00000,1.00000,1.00000,1.00000,1.00000,1,1,584,5,15.154
4416,!path.isEmpty() && path != null,path != null && !path.isEmpty(),!path.isEmpty() && path != null,0,1.00000,1.00000,1.00000,1.00000,1.00000,1.00000,2,2,416,9,6.734
4418,index >= 0,index >= 0 && address + index < addressLimit,index >= 0 && address + index < addressLimit,0,0.50000,1.00000,0.66667,0.50000,1.00000,0.66667,1,2,381,11,5.299
4429,offset >= 0 && 0 <= numBytes && numBytes <= source.remaining(),(offset >= 0 && numBytes >= 0 && offset + numBytes >= 0) && (source != null) && (source.remaining() >= numBytes),offset >= 0 && 0 <= numBytes && 0 <= offset + numBytes && numBytes <= source.remaining() && source != null,0,0.60000,1.00000,0.75000,0.60000,1.00000,0.75000,3,5,629,34,13.253
4441,index >= 0 && 0 <= offset && 0 <= length && offset + length <= dst.length && dst != null,dst != null && offset >= 0 && length >= 0 && offset + length <= dst.length && index >= 0,offset >= 0 && 0 <= length && 0 <= index && offset + length <= dst.length && dst != null,0,1.00000,1.00000,1.00000,1.00000,1.00000,1.00000,5,5,524,25,5.786
4448,index >= 0,(index >= 0 && address + index <= addressLimit - 8),index >= 0 && address + index <= addressLimit - 8,0,0.50000,1.00000,0.66667,0.50000,1.00000,0.66667,1,2,390,15,9.018
4483,targetSize >= 0 && targetSize <= sizeInBytes,(targetSize >= 0) && (targetSize <= originalSize),targetSize >= 0 && targetSize <= originalSize,0,0.50000,0.50000,0.50000,0.84720,0.84720,0.84720,2,2,506,14,12.207
4488,buffer != null,(buffer != null) && (buffer.length != 0),buffer != null && buffer.length != 0,0,0.50000,1.00000,0.66667,0.50000,1.00000,0.66667,1,2,406,12,6.929
4490,size >= 3 && segment != null,(segment != null) && (size >= 3) && (rowType != null),size >= 3 && segment != null && null != rowType,0,0.66667,1.00000,0.80000,0.66667,1.00000,0.80000,2,3,482,18,7.078
4491,buffer.remaining() >= 3 && buffer != null,buffer != null && buffer.remaining() >= 3,buffer.remaining() >= 3 && buffer != null,0,1.00000,1.00000,1.00000,1.00000,1.00000,1.00000,2,2,385,10,12.403
4492,data.length >= 3 && data != null,(data != null) && (data.length >= 3),data.length >= 3 && data != null,0,1.00000,1.00000,1.00000,1.00000,1.00000,1.00000,2,2,371,12,6.082
4493,buffer != null,(buffer != null),buffer != null,0,1.00000,1.00000,1.00000,1.00000,1.00000,1.00000,1,1,386,4,6.438
4494,buffer != null,buffer != null && buffer.remaining() != 0,buffer != null && buffer.remaining() != 0,0,0.50000,1.00000,0.66667,0.50000,1.00000,0.66667,1,2,408,10,9.701
4495,data.length >= 3 && data != null,(data != null) && (data.length >= 3),data.length >= 3 && data != null,0,1.00000,1.00000,1.00000,1.00000,1.00000,1.00000,2,2,383,12,5.668
4496,size >= 3 && segment != null,segment != null && size >= 3,size >= 3 && segment != null,0,1.00000,1.00000,1.00000,1.00000,1.00000,1.00000,2,2,508,8,6.565
4497,buffer.remaining() >= 3 && buffer != null,buffer != null && buffer.remaining() >= 3,buffer.remaining() >= 3 && buffer != null,0,1.00000,1.00000,1.00000,1.00000,1.00000,1.00000,2,2,373,10,6.81
4512,numBytes % 4 == 0,(segments != null),segments != null,0,0.00000,0.00000,0.00000,0.05560,0.05560,0.05560,1,1,423,5,6.321
4521,index >= 0 && index < sizeInBytes,None,,0,0.00000,0.00000,0.00000,0.00000,0.00000,0.00000,2,0,403,1,6.865
4545,listenerName != null,listenerName != null,listenerName != null,0,1.00000,1.00000,1.00000,1.00000,1.00000,1.00000,1,1,456,4,9.868
4582,position >= 0,(size >= 0),size >= 0,0,0.00000,0.00000,0.00000,0.75000,0.75000,0.75000,1,1,392,5,5.563
4584,position >= 0,position >= 0,position >= 0,0,1.00000,1.00000,1.00000,1.00000,1.00000,1.00000,1,1,614,4,7.725
4587,position >= 0,position >= 0,position >= 0,0,1.00000,1.00000,1.00000,1.00000,1.00000,1.00000,1,1,478,4,6.888
4601,destinationBuffer.hasArray(),destinationBuffer.hasArray(),destinationBuffer.hasArray(),0,1.00000,1.00000,1.00000,1.00000,1.00000,1.00000,1,1,543,5,6.096
4602,0 == (value & (value - 1)) && value != 0,0 == (value & (value - 1)) && value != 0,0 == (value & (value - 1)) && 0 != value,0,1.00000,1.00000,1.00000,1.00000,1.00000,1.00000,2,2,466,16,5.771
4609,reference != null,reference != null,reference != null,0,1.00000,1.00000,1.00000,1.00000,1.00000,1.00000,1,1,376,3,7.635
4610,reference != null,reference != null,reference != null,0,1.00000,1.00000,1.00000,1.00000,1.00000,1.00000,1,1,354,3,8.986
4737,!producerId.isEmpty() && producerId != null,producerId != null,producerId != null,0,1.00000,0.50000,0.66667,1.00000,0.50000,0.66667,2,1,649,4,6.307
4821,newRatio <= 1.0 && newRatio > 0.0,newRatio > 0.0 && newRatio <= 1.0,newRatio <= 1.0 && newRatio > 0.0,0,1.00000,1.00000,1.00000,1.00000,1.00000,1.00000,2,2,444,15,43.959
4865,!ref.isBlank() && ref != null,ref != null && !ref.isBlank(),!ref.isBlank() && ref != null,0,1.00000,1.00000,1.00000,1.00000,1.00000,1.00000,2,2,372,9,5.979
4866,(!name.isBlank() || !address.isBlank()) && (!name.isBlank() || null != address) && (!address.isBlank() || name != null) && (name != null || null != address),(address != null && !address.isBlank()) || (name != null && !name.isBlank()),(!address.isBlank() || !name.isBlank()) && (!address.isBlank() || null != name) && (!name.isBlank() || address != null) && (address != null || null != name),0,1.00000,1.00000,1.00000,1.00000,1.00000,1.00000,4,4,417,20,5.452
4877,size == 1 || size == 2 || size == 4 || size == 8,text != null && !text.isEmpty() && size >= 0,!text.isEmpty() && size >= 0 && text != null,0,0.00000,0.00000,0.00000,0.13890,0.10418,0.11906,1,3,996,14,8.923
4940,progressPercent >= 0 && progressPercent <= 100,progressPercent != null,progressPercent != null,0,0.00000,0.00000,0.00000,0.47620,0.23810,0.31747,2,1,1206,4,11.099
4945,xmlFile != null,xmlFile != null,xmlFile != null,0,1.00000,1.00000,1.00000,1.00000,1.00000,1.00000,1,1,580,4,8.045
4957,number <= yylength(),number <= yylength(),number <= yylength(),0,1.00000,1.00000,1.00000,1.00000,1.00000,1.00000,1,1,349,6,5.06
5051,type.isAnnotationPresent(ExtractPdfConfig.class),None,,0,0.00000,0.00000,0.00000,0.00000,0.00000,0.00000,1,0,377,1,7.307
5065,!file.isEmpty(),(file != null) && (!file.isEmpty()),!file.isEmpty() && file != null,0,0.50000,1.00000,0.66667,0.50000,1.00000,0.66667,1,2,451,10,6.119
5067,alpha >= 0 && alpha <= 255,None,,0,0.00000,0.00000,0.00000,0.00000,0.00000,0.00000,2,0,417,1,5.41
5176,!name.isEmpty() && name != null,"(!isNullOrEmpty(name)) && IDENTIFIER_PATTERN.matcher(name).matches() && (!name.equals(""user""))","IDENTIFIER_PATTERN.matcher(name).matches() && !isNullOrEmpty(name) && !name.equals(""user"")",0,0.00000,0.00000,0.00000,0.28042,0.42062,0.33650,2,3,509,23,10.822
5255,toolCalls != null,toolCalls != null,toolCalls != null,0,1.00000,1.00000,1.00000,1.00000,1.00000,1.00000,1,1,426,4,6.77
5280,session != null && null != event,session != null && event != null,session != null && null != event,0,1.00000,1.00000,1.00000,1.00000,1.00000,1.00000,2,2,725,7,5.326
5303,newInstance != null,newInstance != null,newInstance != null,0,1.00000,1.00000,1.00000,1.00000,1.00000,1.00000,1,1,376,4,8.758
5310,context != null && null != template,(context != null) && (template != null),context != null && null != template,0,1.00000,1.00000,1.00000,1.00000,1.00000,1.00000,2,2,608,10,6.531
5342,Files.isDirectory(agentDirPath),Files.isDirectory(agentDirPath),Files.isDirectory(agentDirPath),0,1.00000,1.00000,1.00000,1.00000,1.00000,1.00000,1,1,475,7,5.345
5400,"""utf-8"".equals(encoding) || ""base64"".equals(encoding)",None,,0,0.00000,0.00000,0.00000,0.00000,0.00000,0.00000,1,0,580,1,18.103
5505,expirySeconds >= 1 && expirySeconds <= 604800,(bucketName != null && !bucketName.trim().isEmpty()) && (objectKey != null && !objectKey.trim().isEmpty()) && (expirySeconds >= 1 && expirySeconds <= 604800),!bucketName.trim().isEmpty() && !objectKey.trim().isEmpty() && expirySeconds >= 1 && expirySeconds <= 604800 && bucketName != null && null != objectKey,0,0.33333,1.00000,0.50000,0.33333,1.00000,0.50000,2,6,813,43,4.814
5506,expirySeconds >= 1 && expirySeconds <= 604800,bucketName != null && !bucketName.trim().isEmpty() && objectKey != null && !objectKey.trim().isEmpty() && expirySeconds >= 1 && expirySeconds <= 604800,!bucketName.trim().isEmpty() && !objectKey.trim().isEmpty() && expirySeconds >= 1 && expirySeconds <= 604800 && bucketName != null && null != objectKey,0,0.33333,1.00000,0.50000,0.33333,1.00000,0.50000,2,6,817,40,7.168
5567,"publishType.equals(""MARKET"") || publishType.equals(""MCP"") || publishType.equals(""WECHAT"") || publishType.equals(""API"") || publishType.equals(""FEISHU"")",None,,0,0.00000,0.00000,0.00000,0.00000,0.00000,0.00000,1,0,372,1,16.707
5576,scale >= 0.0 && scale <= 1.0,inputStream != null && scale > 0 && scale <= 1,scale <= 1 && scale > 0 && inputStream != null,0,0.33333,0.50000,0.40000,0.63890,0.95835,0.76668,2,3,531,14,5.631
5582,source != null,None,,0,0.00000,0.00000,0.00000,0.00000,0.00000,0.00000,1,0,394,1,5.491
5583,source != null,None,,0,0.00000,0.00000,0.00000,0.00000,0.00000,0.00000,1,0,401,1,5.236
5584,category != null,None,,0,0.00000,0.00000,0.00000,0.00000,0.00000,0.00000,1,0,431,1,8.056
5592,file != null,None,,0,0.00000,0.00000,0.00000,0.00000,0.00000,0.00000,1,0,525,1,7.842
5601,enabled == 0 || enabled == 1,id != null && enabled != null,id != null && null != enabled,0,0.00000,0.00000,0.00000,0.16665,0.16665,0.16665,1,2,444,7,12.458
5603,pageNo > 0 && 0 < pageSize,None,,0,0.00000,0.00000,0.00000,0.00000,0.00000,0.00000,2,0,543,1,9.778
5623,!file.isEmpty() && file != null,(file != null) && (!file.isEmpty()),!file.isEmpty() && file != null,0,1.00000,1.00000,1.00000,1.00000,1.00000,1.00000,2,2,628,10,7.341
5662,enabled == 1 || enabled == 0,id != null,id != null,0,0.00000,0.00000,0.00000,0.09520,0.04760,0.06347,1,1,731,3,8.072
5679,!fileType.isEmpty() && fileType != null,file != null && !StringUtils.isEmpty(fileType),!StringUtils.isEmpty(fileType) && file != null,0,0.00000,0.00000,0.00000,0.70060,0.70060,0.70060,2,2,652,12,13.503
5797,writer != null && null != row,(writer != null) && (row != null),writer != null && null != row,0,1.00000,1.00000,1.00000,1.00000,1.00000,1.00000,2,2,377,10,9.419
5813,url != null,(params == null || params.isEmpty() || HttpUrl.parse(url) != null),params.isEmpty() || params == null || null != HttpUrl.parse(url),0,0.00000,0.00000,0.00000,0.24073,0.72220,0.36110,1,1,464,17,6.632
5814,url != null && null != listener,url != null,url != null,0,1.00000,0.50000,0.66667,1.00000,0.50000,0.66667,2,1,573,3,9.253
5820,url != null && null != listener,(url != null) && (listener != null),url != null && null != listener,0,1.00000,1.00000,1.00000,1.00000,1.00000,1.00000,2,2,529,10,15.088
5827,!pattern.isEmpty() && pattern != null,None,,0,0.00000,0.00000,0.00000,0.00000,0.00000,0.00000,2,0,364,1,6.476
5828,!key.isEmpty() && ttlSeconds >= 1 && key != null && null != token,(token != null),token != null,0,1.00000,0.25000,0.40000,1.00000,0.25000,0.40000,4,1,445,4,7.629
5829,!key.isEmpty() && key != null,None,,0,0.00000,0.00000,0.00000,0.00000,0.00000,0.00000,2,0,350,1,6.601
5830,!pattern.isEmpty() && pattern != null,None,,0,0.00000,0.00000,0.00000,0.00000,0.00000,0.00000,2,0,590,1,5.304
5831,!key.isEmpty() && key != null,key != null,key != null,0,1.00000,0.50000,0.66667,1.00000,0.50000,0.66667,2,1,406,3,7.379
5832,!key.isEmpty() && key != null && null != token,token != null,token != null,0,1.00000,0.33333,0.50000,1.00000,0.33333,0.50000,3,1,401,3,5.23
5833,!key.isEmpty() && key != null,key != null && !key.isEmpty(),!key.isEmpty() && key != null,0,1.00000,1.00000,1.00000,1.00000,1.00000,1.00000,2,2,448,9,7.635
5842,uri != null,uri != null,uri != null,0,1.00000,1.00000,1.00000,1.00000,1.00000,1.00000,1,1,532,3,7.627
5900,prompts != null,prompts != null != null,prompts != null != null,0,0.00000,0.00000,0.00000,0.77780,0.77780,0.77780,1,1,405,6,6.983
5901,resourceRegsitrations != null,resourceRegsitrations != null,resourceRegsitrations != null,0,1.00000,1.00000,1.00000,1.00000,1.00000,1.00000,1,1,420,6,9.879
5902,tool != null && null != handler,(tool != null) && (handler != null),tool != null && null != handler,0,1.00000,1.00000,1.00000,1.00000,1.00000,1.00000,2,2,424,10,5.963
5904,tool != null && null != handler,tool != null && null != handler,tool != null && null != handler,0,1.00000,1.00000,1.00000,1.00000,1.00000,1.00000,2,2,408,7,7.448
5906,tool != null && null != handler,tool != null && handler != null,tool != null && null != handler,0,1.00000,1.00000,1.00000,1.00000,1.00000,1.00000,2,2,420,7,15.425
5907,resourceRegsitrations != null,resourceRegsitrations != null,resourceRegsitrations != null,0,1.00000,1.00000,1.00000,1.00000,1.00000,1.00000,1,1,420,6,7.799
5908,resourceSpecifications != null,resourceSpecifications != null,resourceSpecifications != null,0,1.00000,1.00000,1.00000,1.00000,1.00000,1.00000,1,1,408,4,6.173
5910,prompts != null,prompts != null,prompts != null,0,1.00000,1.00000,1.00000,1.00000,1.00000,1.00000,1,1,373,4,5.162
5911,resourceSpecifications != null,resourceSpecifications != null,resourceSpecifications != null,0,1.00000,1.00000,1.00000,1.00000,1.00000,1.00000,1,1,408,4,8.598
5912,resourceSpecifications != null,(resourceSpecifications != null),resourceSpecifications != null,0,1.00000,1.00000,1.00000,1.00000,1.00000,1.00000,1,1,372,5,7.127
5913,resourceSpecifications != null,resourceSpecifications != null,resourceSpecifications != null,0,1.00000,1.00000,1.00000,1.00000,1.00000,1.00000,1,1,372,4,4.754
5914,handlers != null,handlers != null,handlers != null,0,1.00000,1.00000,1.00000,1.00000,1.00000,1.00000,1,1,391,3,7.692
5915,prompts != null,prompts != null,prompts != null,0,1.00000,1.00000,1.00000,1.00000,1.00000,1.00000,1,1,373,4,6.488
5916,handler != null,handler != null,handler != null,0,1.00000,1.00000,1.00000,1.00000,1.00000,1.00000,1,1,381,3,11.502
5917,prompts != null,(prompts != null),prompts != null,0,1.00000,1.00000,1.00000,1.00000,1.00000,1.00000,1,1,405,5,10.675
5919,handlers != null,handlers != null,handlers != null,0,1.00000,1.00000,1.00000,1.00000,1.00000,1.00000,1,1,385,3,5.217
5920,tool != null && null != handler,(tool != null) && (handler != null),tool != null && null != handler,0,1.00000,1.00000,1.00000,1.00000,1.00000,1.00000,2,2,404,10,8.836
5995,aspectClass != null,aspectClass != null,aspectClass != null,0,1.00000,1.00000,1.00000,1.00000,1.00000,1.00000,1,1,362,4,6.374
5996,key != null,key != null,key != null,0,1.00000,1.00000,1.00000,1.00000,1.00000,1.00000,1,1,361,3,6.806
5997,key != null,key != null,key != null,0,1.00000,1.00000,1.00000,1.00000,1.00000,1.00000,1,1,355,3,8.568
5998,key != null,key != null,key != null,0,1.00000,1.00000,1.00000,1.00000,1.00000,1.00000,1,1,354,3,14.159
6000,aspectClass != null,aspectClass != null,aspectClass != null,0,1.00000,1.00000,1.00000,1.00000,1.00000,1.00000,1,1,362,4,8.53
6001,aspectClass != null,aspectClass != null,aspectClass != null,0,1.00000,1.00000,1.00000,1.00000,1.00000,1.00000,1,1,363,4,6.84
6002,key != null,key != null,key != null,0,1.00000,1.00000,1.00000,1.00000,1.00000,1.00000,1,1,354,3,6.235
6003,key != null && null != type,type != null,type != null,0,1.00000,0.50000,0.66667,1.00000,0.50000,0.66667,2,1,393,3,7.633
6047,xRange > 0 && 0 < yRange && 0 < zRange && center != null && null != center.getWorld(),xRange > 0 && yRange > 0 && zRange > 0 && center != null && center.getWorld() != null,xRange > 0 && 0 < yRange && 0 < zRange && center != null && null != center.getWorld(),0,1.00000,1.00000,1.00000,1.00000,1.00000,1.00000,5,5,950,28,7.266
6048,predicate.test(value),predicate != null && predicate.test(value),predicate.test(value) && predicate != null,0,0.50000,1.00000,0.66667,0.50000,1.00000,0.66667,1,2,381,8,6.573
6050,value != null,value != null,value != null,0,1.00000,1.00000,1.00000,1.00000,1.00000,1.00000,1,1,376,3,6.104
6057,map != null,map != null,map != null,0,1.00000,1.00000,1.00000,1.00000,1.00000,1.00000,1,1,407,3,11.197
6058,list != null,list != null,list != null,0,1.00000,1.00000,1.00000,1.00000,1.00000,1.00000,1,1,385,3,6.845
6131,redissonClient != null || type != RetryCounterType.DISTRIBUTED && type != RetryCounterType.HYBRID,type != null && (type == RetryCounterType.LOCAL || redissonClient != null),type != null && (type == RetryCounterType.LOCAL || null != redissonClient),0,0.25000,0.50000,0.33333,0.39492,0.64492,0.48987,1,2,539,19,7.291
6165,val >= 1 && val <= 99,box != null,box != null,0,0.00000,0.00000,0.00000,0.22620,0.11310,0.15080,2,1,591,3,7.191
6178,image != null || null != name,(name != null) && ((!name.isEmpty()) || (image != null)),name != null && (!name.isEmpty() || null != image),0,0.50000,0.50000,0.50000,0.50000,0.75000,0.60000,1,2,953,16,5.841
6186,sample != null,sampleSheet != null,sampleSheet != null,0,0.00000,0.00000,0.00000,0.84850,0.84850,0.84850,1,1,405,4,6.132
6200,image != null,None,,0,0.00000,0.00000,0.00000,0.00000,0.00000,0.00000,1,0,350,1,5.885
6394,t >= 0 && t <= 1,(c != null),c != null,0,0.00000,0.00000,0.00000,0.14290,0.07145,0.09527,2,1,550,4,5.197
6438,y1 != y2,(y2 - y1) != 0.0,(y2 - y1) != 0.0,0,0.00000,0.00000,0.00000,0.40740,0.40740,0.40740,1,1,373,11,7.168
6478,coords.length == 6 && coords != null,coords != null,coords != null,0,1.00000,0.50000,0.66667,1.00000,0.50000,0.66667,2,1,432,3,10.764
6525,os != null,os != null && scores != null,os != null && null != scores,0,0.50000,1.00000,0.66667,0.50000,1.00000,0.66667,1,2,719,7,7.062
6526,path != null,path != null,path != null,0,1.00000,1.00000,1.00000,1.00000,1.00000,1.00000,1,1,390,3,6.307
6531,dir == -1 || dir == 1,partRef != null && records != null,partRef != null && null != records,0,0.00000,0.00000,0.00000,0.02380,0.02380,0.02380,1,2,505,8,4.651
6551,score != null,(score != null),score != null,0,1.00000,1.00000,1.00000,1.00000,1.00000,1.00000,1,1,393,4,5.645
6567,node != null,(node != null),node != null,0,1.00000,1.00000,1.00000,1.00000,1.00000,1.00000,1,1,397,4,10.912
6568,os != null,os != null,os != null,0,1.00000,1.00000,1.00000,1.00000,1.00000,1.00000,1,1,548,3,14.858
6569,path != null,path != null,path != null,0,1.00000,1.00000,1.00000,1.00000,1.00000,1.00000,1,1,383,3,4.994
6614,step == OmrStep.LOAD || step == OmrStep.BINARY,step == OmrStep.LOAD || step == OmrStep.BINARY,step == OmrStep.LOAD || step == OmrStep.BINARY,0,1.00000,1.00000,1.00000,1.00000,1.00000,1.00000,1,1,481,15,7.222
7053,staff != null,None,,0,0.00000,0.00000,0.00000,0.00000,0.00000,0.00000,1,0,426,1,5.745
7063,staff != null,staff != null,staff != null,0,1.00000,1.00000,1.00000,1.00000,1.00000,1.00000,1,1,385,3,5.551
7065,staff != null,(point != null) && (staff != null),point != null && null != staff,0,0.50000,1.00000,0.66667,0.50000,1.00000,0.66667,1,2,503,10,10.532
7300,value >= 0 && value <= 1,None,,0,0.00000,0.00000,0.00000,0.00000,0.00000,0.00000,2,0,356,1,7.702
7561,num != null && null != den,num != null,num != null,0,1.00000,0.50000,0.66667,1.00000,0.50000,0.66667,2,1,435,3,5.471
7618,!inter instanceof SmallChordInter,None,,0,0.00000,0.00000,0.00000,0.00000,0.00000,0.00000,1,0,409,1,5.549
7622,shape != null && (shape == Shape.TEXT || shape == Shape.LYRICS || shape == Shape.METRONOME),(glyph != null) && (shape != null) && ((shape == Shape.LYRICS) || (shape == Shape.METRONOME) || (shape == Shape.TEXT)),glyph != null && null != shape && (shape == Shape.LYRICS || shape == Shape.METRONOME || shape == Shape.TEXT),0,0.66667,1.00000,0.80000,0.66667,1.00000,0.80000,2,3,1639,37,8.181
7624,newRole != null,sentence != null && newRole != null,sentence != null && null != newRole,0,0.50000,1.00000,0.66667,0.50000,1.00000,0.66667,1,2,2462,8,6.667
7625,one != null && null != two,(one instanceof SlurInter) && (two instanceof SlurInter) && (kind != null),one instanceof SlurInter && two instanceof SlurInter && kind != null,0,0.00000,0.00000,0.00000,0.30400,0.45600,0.36480,2,3,861,20,7.717
7671,amount >= 0.0 && amount <= 1.0,None,,0,0.00000,0.00000,0.00000,0.00000,0.00000,0.00000,2,0,383,1,5.257
7763,number >= 0 && number <= 999,(number >= 0) && (number <= 999),number >= 0 && number <= 999,0,1.00000,1.00000,1.00000,1.00000,1.00000,1.00000,2,2,710,12,6.533
7895,maxValue >= 1,None,,0,0.00000,0.00000,0.00000,0.00000,0.00000,0.00000,1,0,429,1,6.504
7927,aNode != null,(aNode != null) && (classLocations != null),aNode != null && null != classLocations,0,0.50000,1.00000,0.66667,0.50000,1.00000,0.66667,1,2,517,12,6.117
7928,aNode != null && null != containingClassNode,(containingClassNode != nullClassNode != null) && (locations != null) && (aNode != null),containingClassNode != nullClassNode != null && locations != null && null != aNode,0,0.33333,0.50000,0.40000,0.57893,0.86840,0.69472,2,3,614,24,7.334
7931,aNode != null,(aNode != null) && (formattedDocumentation != null) && (!formattedDocumentation.isEmpty()),!formattedDocumentation.isEmpty() && aNode != null && null != formattedDocumentation,0,0.33333,1.00000,0.50000,0.33333,1.00000,0.50000,1,3,585,19,10.608
7934,sourceCodeFiles != null,sourceCodeFiles != null,sourceCodeFiles != null,0,1.00000,1.00000,1.00000,1.00000,1.00000,1.00000,1,1,438,5,5.74
7935,sourceCodeURLs != null,sourceCodeURLs != null,sourceCodeURLs != null,0,1.00000,1.00000,1.00000,1.00000,1.00000,1.00000,1,1,435,5,8.384
7973,maxAttempts >= 1,None,,0,0.00000,0.00000,0.00000,0.00000,0.00000,0.00000,1,0,1091,1,7.967
7981,"locale.equals(""zh-CN"") || locale.equals(""en-US"")",None,,0,0.00000,0.00000,0.00000,0.00000,0.00000,0.00000,1,0,692,1,5.089
7982,goal != null,(goal != null) && (terminalAnswer != null && !terminalAnswer.isBlank()),!terminalAnswer.isBlank() && goal != null && null != terminalAnswer,0,0.33333,1.00000,0.50000,0.33333,1.00000,0.50000,1,3,840,17,10.989
7985,!toolCallIds.isEmpty() && !reasoningContent.isBlank() && toolCallIds != null && null != reasoningContent,toolCallIds != null && !toolCallIds.isEmpty() && reasoningContent != null && !reasoningContent.isBlank(),!toolCallIds.isEmpty() && !reasoningContent.isBlank() && toolCallIds != null && null != reasoningContent,0,1.00000,1.00000,1.00000,1.00000,1.00000,1.00000,4,4,423,26,6.843
8040,elicitationCompleteConsumer != null,elicitationCompleteConsumer != null,elicitationCompleteConsumer != null,0,1.00000,1.00000,1.00000,1.00000,1.00000,1.00000,1,1,402,6,5.003
8041,resourcesUpdateConsumer != null,resourcesUpdateConsumer != null,resourcesUpdateConsumer != null,0,1.00000,1.00000,1.00000,1.00000,1.00000,1.00000,1,1,382,5,7.748
8042,resourcesChangeConsumer != null,resourcesChangeConsumer != null,resourcesChangeConsumer != null,0,1.00000,1.00000,1.00000,1.00000,1.00000,1.00000,1,1,380,5,6.089
8043,loggingConsumers != null,loggingConsumers != null,loggingConsumers != null,0,1.00000,1.00000,1.00000,1.00000,1.00000,1.00000,1,1,386,4,7.729
8044,elicitationCompleteConsumer != null,elicitationCompleteConsumer != null,elicitationCompleteConsumer != null,0,1.00000,1.00000,1.00000,1.00000,1.00000,1.00000,1,1,396,6,6.962
8046,progressConsumers != null,progressConsumers != null,progressConsumers != null,0,1.00000,1.00000,1.00000,1.00000,1.00000,1.00000,1,1,384,4,6.637
8047,elicitationCompleteConsumers != null,elicitationCompleteConsumers != null,elicitationCompleteConsumers != null,0,1.00000,1.00000,1.00000,1.00000,1.00000,1.00000,1,1,416,6,6.32
8048,elicitationCompleteConsumers != null,elicitationCompleteConsumers != null,elicitationCompleteConsumers != null,0,1.00000,1.00000,1.00000,1.00000,1.00000,1.00000,1,1,422,6,5.162
8068,resourceTemplatesSpec != null,resourceTemplatesSpec != null,resourceTemplatesSpec != null,0,1.00000,1.00000,1.00000,1.00000,1.00000,1.00000,1,1,419,5,6.236
8071,tool != null && null != callHandler,(tool != null) && (callHandler != null),tool != null && null != callHandler,0,1.00000,1.00000,1.00000,1.00000,1.00000,1.00000,2,2,504,11,13.346
8072,resourceSpecifications != null,resourceSpecifications != null,resourceSpecifications != null,0,1.00000,1.00000,1.00000,1.00000,1.00000,1.00000,1,1,404,4,5.622
8073,handler != null,handler != null,handler != null,0,1.00000,1.00000,1.00000,1.00000,1.00000,1.00000,1,1,379,3,5.099
8074,completions != null,completions != null,completions != null,0,1.00000,1.00000,1.00000,1.00000,1.00000,1.00000,1,1,412,5,12.328
8075,prompts != null,prompts != null,prompts != null,0,1.00000,1.00000,1.00000,1.00000,1.00000,1.00000,1,1,386,4,7.849
8076,completions != null,completions != null,completions != null,0,1.00000,1.00000,1.00000,1.00000,1.00000,1.00000,1,1,418,5,6.391
8077,prompts != null,prompts != null,prompts != null,0,1.00000,1.00000,1.00000,1.00000,1.00000,1.00000,1,1,386,4,6.454
8080,tool != null && null != callHandler,(tool != null) && (callHandler != null),tool != null && null != callHandler,0,1.00000,1.00000,1.00000,1.00000,1.00000,1.00000,2,2,467,11,8.859
8081,completions != null,completions != null,completions != null,0,1.00000,1.00000,1.00000,1.00000,1.00000,1.00000,1,1,412,5,5.348
8083,prompts != null,prompts != null,prompts != null,0,1.00000,1.00000,1.00000,1.00000,1.00000,1.00000,1,1,397,4,6.431
8085,completions != null,(completions != null),completions != null,0,1.00000,1.00000,1.00000,1.00000,1.00000,1.00000,1,1,418,6,5.033
8086,toolSpecifications != null,toolSpecifications != null,toolSpecifications != null,0,1.00000,1.00000,1.00000,1.00000,1.00000,1.00000,1,1,412,4,6.545
8092,toolSpecifications != null,toolSpecifications != null,toolSpecifications != null,0,1.00000,1.00000,1.00000,1.00000,1.00000,1.00000,1,1,418,4,4.848
8093,tool != null && null != handler,tool != null && handler != null,tool != null && null != handler,0,1.00000,1.00000,1.00000,1.00000,1.00000,1.00000,2,2,466,7,4.977
8094,uriTemplateManagerFactory != null,(uriTemplateManagerFactory != null),uriTemplateManagerFactory != null,0,1.00000,1.00000,1.00000,1.00000,1.00000,1.00000,1,1,384,7,5.12
8095,toolSpecifications != null,toolSpecifications != null,toolSpecifications != null,0,1.00000,1.00000,1.00000,1.00000,1.00000,1.00000,1,1,418,4,15.963
8096,prompts != null,prompts != null,prompts != null,0,1.00000,1.00000,1.00000,1.00000,1.00000,1.00000,1,1,397,4,7.969
8097,resourceTemplates != null,(resourceTemplates != null),resourceTemplates != null,0,1.00000,1.00000,1.00000,1.00000,1.00000,1.00000,1,1,411,5,6.513
8098,resourceTemplates != null,resourceTemplates != null,resourceTemplates != null,0,1.00000,1.00000,1.00000,1.00000,1.00000,1.00000,1,1,413,4,8.235
8099,toolSpecifications != null,(toolSpecifications != null),toolSpecifications != null,0,1.00000,1.00000,1.00000,1.00000,1.00000,1.00000,1,1,418,5,13.627
8100,resourceSpecifications != null,resourceSpecifications != null,resourceSpecifications != null,0,1.00000,1.00000,1.00000,1.00000,1.00000,1.00000,1,1,404,4,5.75
8101,tool != null && null != callHandler,tool != null && callHandler != null,tool != null && null != callHandler,0,1.00000,1.00000,1.00000,1.00000,1.00000,1.00000,2,2,463,8,5.123
8102,resourceSpecifications != null,resourceSpecifications != null,resourceSpecifications != null,0,1.00000,1.00000,1.00000,1.00000,1.00000,1.00000,1,1,378,4,6.426
8103,resourceTemplates != null,resourceTemplates != null,resourceTemplates != null,0,1.00000,1.00000,1.00000,1.00000,1.00000,1.00000,1,1,421,4,6.006
8106,resourceSpecifications != null,resourceSpecifications != null,resourceSpecifications != null,0,1.00000,1.00000,1.00000,1.00000,1.00000,1.00000,1,1,378,4,10.58
8126,contextExtractor != null,contextExtractor != null,contextExtractor != null,0,1.00000,1.00000,1.00000,1.00000,1.00000,1.00000,1,1,380,4,10.824
8206,processor != null,None,,0,0.00000,0.00000,0.00000,0.00000,0.00000,0.00000,1,0,420,1,17.732
8326,!name.isEmpty() && name != null,"(name != null) && (!name.isEmpty()) && (name.matches(""[_A-Za-z][_0-9A-Za-z]*""))","name.matches(""[_A-Za-z][_0-9A-Za-z]*"") && !name.isEmpty() && name != null",0,0.66667,1.00000,0.80000,0.66667,1.00000,0.80000,2,3,392,28,7.04
8372,"imageFormat.equals(""png"") || imageFormat.equals(""jpeg"")",imageFormat == null || isValidImageFormat(imageFormat),isValidImageFormat(imageFormat) || imageFormat == null,0,0.00000,0.00000,0.00000,0.51077,0.51077,0.51077,1,1,459,12,5.431
8374,"tableMethod.equals(""default"") || tableMethod.equals(""cluster"")",(tableMethod == null || isValidTableMethod(tableMethod)),isValidTableMethod(tableMethod) || tableMethod == null,0,0.00000,0.00000,0.00000,0.53164,0.53164,0.53164,1,1,457,12,9.658
8375,"hybrid.equals(""off"") || hybrid.equals(""docling"") || hybrid.equals(""hancom"") || hybrid.equals(""azure"") || hybrid.equals(""google"")",hybrid == null || isValidHybrid(hybrid),isValidHybrid(hybrid) || hybrid == null,0,0.00000,0.00000,0.00000,0.45239,0.18096,0.25851,1,1,445,11,8.241
8376,"readingOrder.equals(""off"") || readingOrder.equals(""xycut"")",(readingOrder == null || isValidReadingOrder(readingOrder)),isValidReadingOrder(readingOrder) || readingOrder == null,0,0.00000,0.00000,0.00000,0.52382,0.52382,0.52382,1,1,467,14,6.13
8377,"""off"".equals(imageOutput) || ""embedded"".equals(imageOutput) || ""external"".equals(imageOutput)",(imageOutput == null || isValidImageOutput(imageOutput)),isValidImageOutput(imageOutput) || imageOutput == null,0,0.00000,0.00000,0.00000,0.57633,0.38422,0.46106,1,1,459,12,8.392
8400,maxConcurrentRequests > 0,maxConcurrentRequests > 0,maxConcurrentRequests > 0,0,1.00000,1.00000,1.00000,1.00000,1.00000,1.00000,1,1,386,6,18.146
8404,timeoutMs >= 0,timeoutMs >= 0,timeoutMs >= 0,0,1.00000,1.00000,1.00000,1.00000,1.00000,1.00000,1,1,374,5,8.454
8437,backendFailedPages.isEmpty() || hybridConfig.isFallbackToJava(),(backendFailedPages != null) && (hybridConfig != null),backendFailedPages != null && null != hybridConfig,0,0.00000,0.00000,0.00000,0.13635,0.13635,0.13635,1,2,512,15,6.518
8499,minScore >= 0.0 && minScore <= 1.0,None,,0,0.00000,0.00000,0.00000,0.00000,0.00000,0.00000,2,0,405,1,8.54
8538,actionState != ACTION_STATE_DRAG || selected != null,(actionState != ACTION_STATE_DR != ACTION_STATE_DRAG || selected != null),actionState != ACTION_STATE_DR != ACTION_STATE_DRAG || selected != null,0,0.50000,0.50000,0.50000,0.91205,0.91205,0.91205,1,1,1454,16,6.018
8557,orientation == HORIZONTAL || orientation == VERTICAL,(orientation == HORIZONTAL) || (orientation == VERTICAL),orientation == HORIZONTAL || orientation == VERTICAL,0,1.00000,1.00000,1.00000,1.00000,1.00000,1.00000,1,1,402,13,6.068
8562,slopConstant == TOUCH_SLOP_DEFAULT || slopConstant == TOUCH_SLOP_PAGING,None,,0,0.00000,0.00000,0.00000,0.00000,0.00000,0.00000,1,0,450,1,6.763
8584,position >= 0 && position < State.getItemCount(),position >= 0 && position < mState.getItemCount(),position >= 0 && position < mState.getItemCount(),0,0.50000,0.50000,0.50000,0.99205,0.99205,0.99205,2,2,448,13,7.404
8653,recyclerView == null || null == recyclerView.getOnFlingListener(),None,,0,0.00000,0.00000,0.00000,0.00000,0.00000,0.00000,1,0,453,1,7.082
8662,gapStrategy == GAP_HANDLING_MOVE_ITEMS_BETWEEN_SPANS || gapStrategy == GAP_HANDLING_NONE,(gapStrategy == GAP_HANDLING_NONE) || (gapStrategy == GAP_HANDLING_MOVE_ITEMS_BETWEEN_SPANS),gapStrategy == GAP_HANDLING_NONE || gapStrategy == GAP_HANDLING_MOVE_ITEMS_BETWEEN_SPANS,0,1.00000,1.00000,1.00000,1.00000,1.00000,1.00000,1,1,472,25,9.254
8693,minPossibleLiveOffsetSmoothingFactor >= 0 && minPossibleLiveOffsetSmoothingFactor < 1,minPossibleLiveOffsetSmoothingFactor >= 0 && minPossibleLiveOffsetSmoothingFactor < 1f,minPossibleLiveOffsetSmoothingFactor >= 0 && minPossibleLiveOffsetSmoothingFactor < 1f,0,1.00000,1.00000,1.00000,1.00000,1.00000,1.00000,2,2,422,22,6.754
8719,seekForwardIncrementMs > 0,seekForwardIncrementMs > 0,seekForwardIncrementMs > 0,0,1.00000,1.00000,1.00000,1.00000,1.00000,1.00000,1,1,389,7,17.129
8721,seekBackIncrementMs > 0,seekBackIncrementMs > 0,seekBackIncrementMs > 0,0,1.00000,1.00000,1.00000,1.00000,1.00000,1.00000,1,1,389,7,6.579
8757,index >= 0 && index <= getSize(),(holders != null) && (index >= 0),index >= 0 && holders != null,0,0.50000,0.50000,0.50000,0.62330,0.62330,0.62330,2,2,664,12,20.129
8758,fromIndex >= 0 && getSize() >= toIndex && fromIndex <= toIndex,(fromIndex >= 0) && (fromIndex <= toIndex) && (toIndex <= getSize()),fromIndex >= 0 && fromIndex <= toIndex && toIndex <= getSize(),0,1.00000,1.00000,1.00000,1.00000,1.00000,1.00000,3,3,394,22,6.002
8784,adGroupIndex == C.INDEX_UNSET && C.INDEX_UNSET == adIndexInAdGroup || adGroupIndex != C.INDEX_UNSET && C.INDEX_UNSET != adIndexInAdGroup,(adGroupIndex == C.INDEX_UNSET) == (adIndexInAdGroup == C.INDEX_UNSET),(adGroupIndex == C.INDEX_UNSET) == (adIndexInAdGroup == C.INDEX_UNSET),0,0.00000,0.00000,0.00000,0.72280,0.18070,0.28912,1,1,420,24,8.988
8801,period != null && null != window,periodIndex != C.INDEX_UNSET && period != null && window != null,periodIndex != C.INDEX_UNSET && period != null && null != window,0,0.66667,1.00000,0.80000,0.66667,1.00000,0.80000,2,3,413,16,8.208
8802,period != null && null != window,None,,0,0.00000,0.00000,0.00000,0.00000,0.00000,0.00000,2,0,535,1,7.151
8824,syncframe.length >= TRUEHD_SYNCFRAME_PREFIX_LENGTH,syncframe != null && syncframe.length > 9,syncframe.length > 9 && syncframe != null,0,0.00000,0.00000,0.00000,0.29165,0.58330,0.38887,1,2,579,11,6.874
8841,pcm32BitInt >= -1 && pcm32BitInt <= 1,buffer != null,buffer != null,0,0.00000,0.00000,0.00000,0.14290,0.07145,0.09527,2,1,417,3,7.766
8854,pcmEncoding != C.ENCODING_INVALID && pcmEncoding != Format.NO_VALUE,(pcmEncoding == C.ENCODING_PCM_8BIT || pcmEncoding == C.ENCODING_PCM_16BIT || pcmEncoding == C.ENCODING_PCM_24BIT || pcmEncoding == C.ENCODING_PCM_32BIT || pcmEncoding == C.ENCODING_PCM_FLOAT),pcmEncoding == C.ENCODING_PCM_8BIT || pcmEncoding == C.ENCODING_PCM_16BIT || pcmEncoding == C.ENCODING_PCM_24BIT || pcmEncoding == C.ENCODING_PCM_32BIT || pcmEncoding == C.ENCODING_PCM_FLOAT,0,0.00000,0.00000,0.00000,0.10878,0.27195,0.15540,2,1,485,64,4.458
8869,sessionKeepaliveMs == C.TIME_UNSET || sessionKeepaliveMs > 0,sessionKeepaliveMs > 0 || sessionKeepaliveMs == C.TIME_UNSET,sessionKeepaliveMs == C.TIME_UNSET || sessionKeepaliveMs > 0,0,1.00000,1.00000,1.00000,1.00000,1.00000,1.00000,1,1,384,17,5.6
8872,this.schemeType.equals(drmInitData.schemeType) || this.schemeType == null || null == drmInitData.schemeType,"(schemeType == null || drmInitData.schemeType == null || TextUtils.equals(schemeType, drmInitData.schemeType))","TextUtils.equals(schemeType, drmInitData.schemeType) || schemeType == null || null == drmInitData.schemeType",0,0.33333,0.33333,0.33333,0.81263,0.81263,0.81263,1,1,453,27,5.738
8887,lightnessAdjustment >= -100 && lightnessAdjustment <= 100,(lightnessAdjustment >= -100) && (lightnessAdjustment <= 100),lightnessAdjustment >= -100 && lightnessAdjustment <= 100,0,1.00000,1.00000,1.00000,1.00000,1.00000,1.00000,2,2,420,16,7.998
8888,saturationAdjustment >= -100 && saturationAdjustment <= 100,(-100 <= saturationAdjustment && saturationAdjustment <= 100),-100 <= saturationAdjustment && saturationAdjustment <= 100,0,1.00000,1.00000,1.00000,1.00000,1.00000,1.00000,2,2,409,12,12.061
8898,width > 0 && 0 < height,(width > 0) && (height > 0),width > 0 && 0 < height,0,1.00000,1.00000,1.00000,1.00000,1.00000,1.00000,2,2,423,12,4.561
8899,aspectRatio > 0.0f,(aspectRatio == C.LENGTH_UNSET || aspectRatio > 0),aspectRatio == C.LENGTH_UNSET || aspectRatio > 0,0,0.50000,1.00000,0.66667,0.50000,1.00000,0.66667,1,1,417,15,16.863
8900,blueScale >= 0,blueScale >= 0,blueScale >= 0,0,1.00000,1.00000,1.00000,1.00000,1.00000,1.00000,1,1,366,5,8.993
8901,redScale >= 0,redScale >= 0.0f,redScale >= 0.0f,0,1.00000,1.00000,1.00000,1.00000,1.00000,1.00000,1,1,366,8,19.407
8902,greenScale >= 0,greenScale >= 0.0f,greenScale >= 0.0f,0,1.00000,1.00000,1.00000,1.00000,1.00000,1.00000,1,1,366,8,5.282
8979,codecId == CODEC_ID_SUBRIP || codecId == CODEC_ID_ASS || codecId == CODEC_ID_VTT,codecId != null && subtitleData != null && (codecId.equals(CODEC_ID_SUBRIP) || codecId.equals(CODEC_ID_ASS) || codecId.equals(CODEC_ID_VTT)),codecId != null && null != subtitleData && (codecId.equals(CODEC_ID_SUBRIP) || codecId.equals(CODEC_ID_ASS) || codecId.equals(CODEC_ID_VTT)),0,0.33333,1.00000,0.50000,0.33333,1.00000,0.50000,1,3,639,43,7.851
9075,!buffer.isEncrypted() && !buffer.hasSupplementalData() && !buffer.isEndOfStream(),(buffer != null) && (!buffer.isEncrypted()) && (!buffer.hasSupplementalData()) && (!buffer.isEndOfStream()),!buffer.isEncrypted() && !buffer.hasSupplementalData() && !buffer.isEndOfStream() && buffer != null,0,0.75000,1.00000,0.85714,0.75000,1.00000,0.85714,3,4,532,26,8.088
9135,maxParallelDownloads > 0,maxParallelDownloads > 0,maxParallelDownloads > 0,0,1.00000,1.00000,1.00000,1.00000,1.00000,1.00000,1,1,457,6,6.376
9137,this.id.equals(newRequest.id),(newRequest != null) && id.equals(newRequest.id),id.equals(newRequest.id) && newRequest != null,0,0.00000,0.00000,0.00000,0.38095,0.76190,0.50793,1,2,482,12,9.417
9149,index >= 0 && index <= getSize(),None,,0,0.00000,0.00000,0.00000,0.00000,0.00000,0.00000,2,0,357,1,7.068
9151,index >= 0 && index < getSize(),None,,0,0.00000,0.00000,0.00000,0.00000,0.00000,0.00000,2,0,394,1,8.131
9152,index >= 0 && index <= getSize(),None,,0,0.00000,0.00000,0.00000,0.00000,0.00000,0.00000,2,0,377,1,5.99
9165,mediaItem.localConfiguration != null,(mediaItem != null) && (mediaItem.localConfiguration != null),mediaItem != null && null != mediaItem.localConfiguration,0,0.50000,1.00000,0.66667,0.50000,1.00000,0.66667,1,2,510,14,6.501
9184,timeUs > getLargestReadTimestampUs(),timeUs > getLargestReadTimestampUs(),timeUs > getLargestReadTimestampUs(),0,1.00000,1.00000,1.00000,1.00000,1.00000,1.00000,1,1,376,9,6.682
9213,!manifest.dynamic,(!manifest.dynamic) && (mediaItem != null),!manifest.dynamic && mediaItem != null,0,0.50000,1.00000,0.66667,0.50000,1.00000,0.66667,1,2,493,11,10.463
9216,!manifest.dynamic,None,,0,0.00000,0.00000,0.00000,0.00000,0.00000,0.00000,1,0,403,1,7.435
9302,response.getHeaders().containsKey(RtspHeaders.CSEQ),(response != null && response.headers.get(RtspHeaders.CSEQ) != null),response != null && null != response.headers.get(RtspHeaders.CSEQ),0,0.00000,0.00000,0.00000,0.26471,0.52941,0.35294,1,2,500,17,6.95
9308,!lines.isEmpty() && lines != null,"(lines != null) && (!lines.isEmpty()) && (REQUEST_LINE_PATTERN.matcher(lines.get(0)).matches()) && (lines.indexOf("""") > 0)","REQUEST_LINE_PATTERN.matcher(lines.get(0)).matches() && !lines.isEmpty() && lines.indexOf("""") > 0 && lines != null",0,0.50000,1.00000,0.66667,0.50000,1.00000,0.66667,2,4,582,33,11.266
9311,"""rtsp"".equals(sessionUri.getScheme())","(sessionUri != null && ""rtsp"".equals(sessionUri.getScheme())) && (Uri.parse(""rtsp://"" + urlString).getHost() != null)","""rtsp"".equals(sessionUri.getScheme()) && sessionUri != null && null != Uri.parse(""rtsp://"" + urlString).getHost()",0,0.33333,1.00000,0.50000,0.33333,1.00000,0.50000,1,3,560,33,7.71
9315,manifest.isLive == false,!manifest.isLive && manifest != null && mediaItem != null,!manifest.isLive && manifest != null && null != mediaItem,0,0.00000,0.00000,0.00000,0.19444,0.58333,0.29166,1,3,602,13,5.95
9337,classes != null,classes.containsAll(targetClasses),classes.containsAll(targetClasses),0,0.00000,0.00000,0.00000,0.29412,0.29412,0.29412,1,1,526,6,6.579
9428,percentile <= 1.0f && percentile > 0.0f,None,,0,0.00000,0.00000,0.00000,0.00000,0.00000,0.00000,2,0,419,1,12.351
9461,expression,expression,expression,0,1.00000,1.00000,1.00000,1.00000,1.00000,1.00000,1,1,379,1,7.88
9463,reference != null,!ExoPlayerLibraryInfo.ASSERTIONS_ENABLED || reference != null,!ExoPlayerLibraryInfo.ASSERTIONS_ENABLED || reference != null,0,0.50000,1.00000,0.66667,0.50000,1.00000,0.66667,1,1,432,15,8.262
9465,string.length() > 0 && string != null,string != null && !string.isEmpty(),!string.isEmpty() && string != null,0,1.00000,1.00000,1.00000,1.00000,1.00000,1.00000,2,2,428,9,11.925
9466,expression,expression,expression,0,1.00000,1.00000,1.00000,1.00000,1.00000,1.00000,1,1,361,1,9.66
9467,index >= start && index < limit,(index >= start) && (index < limit),index >= start && index < limit,0,1.00000,1.00000,1.00000,1.00000,1.00000,1.00000,2,2,372,10,7.605
9469,reference != null,(reference != null),reference != null,0,1.00000,1.00000,1.00000,1.00000,1.00000,1.00000,1,1,450,4,8.692
9470,reference != null,reference != null,reference != null,0,1.00000,1.00000,1.00000,1.00000,1.00000,1.00000,1,1,448,3,5.393
9471,!string.isEmpty() && string != null,(!ExoPlayerLibraryInfo.ASSERTIONS_ENABLED || !TextUtils.isEmpty(string)),!ExoPlayerLibraryInfo.ASSERTIONS_ENABLED || !TextUtils.isEmpty(string),0,0.00000,0.00000,0.00000,0.07692,0.07692,0.07692,2,1,446,19,6.817
9489,configAttributes == EGL_CONFIG_ATTRIBUTES_RGBA_1010102 || configAttributes == EGL_CONFIG_ATTRIBUTES_RGBA_8888,"Arrays.equals(configAttributes, EGL_CONFIG_ATTRIBUTES_RGBA_8888) || Arrays.equals(configAttributes, EGL_CONFIG_ATTRIBUTES_RGBA_1010102)","Arrays.equals(configAttributes, EGL_CONFIG_ATTRIBUTES_RGBA_8888) || Arrays.equals(configAttributes, EGL_CONFIG_ATTRIBUTES_RGBA_1010102)",0,0.00000,0.00000,0.00000,0.61025,0.61025,0.61025,1,1,451,28,5.823
9490,configAttributes == EGL_CONFIG_ATTRIBUTES_RGBA_1010102 || configAttributes == EGL_CONFIG_ATTRIBUTES_RGBA_8888,None,,0,0.00000,0.00000,0.00000,0.00000,0.00000,0.00000,1,0,503,1,6.322
9562,fromIndex >= 0 && fromIndex <= toIndex && toIndex <= list.size(),(list != null) && (fromIndex >= 0) && (toIndex <= list.size()) && (fromIndex <= toIndex),fromIndex >= 0 && fromIndex <= toIndex && toIndex <= list.size() && list != null,0,0.75000,1.00000,0.85714,0.75000,1.00000,0.85714,3,4,439,28,9.818
9567,string.length() <= 4,(string != null) && (string.length() <= 4),string.length() <= 4 && string != null,0,0.50000,1.00000,0.66667,0.50000,1.00000,0.66667,1,2,385,13,8.064
9571,sparseLongArray.size() > 0,(sparseLongArray.size() != 0),sparseLongArray.size() != 0,0,1.00000,1.00000,1.00000,1.00000,1.00000,1.00000,1,1,420,10,9.514
9579,sparseLongArray.size() > 0,sparseLongArray != null && sparseLongArray.size() != 0,sparseLongArray != null && sparseLongArray.size() != 0,0,0.50000,1.00000,0.66667,0.50000,1.00000,0.66667,1,2,420,15,9.486
9640,latitudes >= 1 && 1 <= longitudes && verticalFovDegrees <= 180 && horizontalFovDegrees <= 360 && radius > 0 && 0 < verticalFovDegrees && 0 < horizontalFovDegrees,(radius > 0) && (latitudes >= 1) && (longitudes >= 1) && (verticalFovDegrees > 0) && (verticalFovDegrees <= 180) && (horizontalFovDegrees > 0) && (horizontalFovDegrees <= 360),latitudes >= 1 && 1 <= longitudes && verticalFovDegrees <= 180 && horizontalFovDegrees <= 360 && radius > 0 && 0 < verticalFovDegrees && 0 < horizontalFovDegrees,0,1.00000,1.00000,1.00000,1.00000,1.00000,1.00000,7,7,1272,61,5.942
9647,rgbComponent >= 0.0 && rgbComponent <= 100.0,None,,0,0.00000,0.00000,0.00000,0.00000,0.00000,0.00000,2,0,433,1,4.708
9648,rgbComponent >= 0 && rgbComponent <= 255,None,,0,0.00000,0.00000,0.00000,0.00000,0.00000,0.00000,2,0,392,1,5.402
9650,rgbComponent >= 0.0 && rgbComponent <= 100.0,None,,0,0.00000,0.00000,0.00000,0.00000,0.00000,0.00000,2,0,418,1,7.578
9651,n >= 0 && n <= 11,None,,0,0.00000,0.00000,0.00000,0.00000,0.00000,0.00000,2,0,752,1,5.713
9658,end >= start,(end >= start) && (start >= 0) && (end <= size),end >= start && start >= 0 && end <= size,0,0.33333,1.00000,0.50000,0.33333,1.00000,0.50000,1,3,510,17,5.452
9667,numBits >= 1 && numBits <= 32,numBits >= 1 && numBits <= 32 && numBits <= available(),numBits >= 1 && numBits <= 32 && numBits <= available(),0,0.66667,1.00000,0.80000,0.66667,1.00000,0.80000,2,3,644,17,9.645
9685,dimension % 4 == 1,dimension % 4 == 1,dimension % 4 == 1,0,1.00000,1.00000,1.00000,1.00000,1.00000,1.00000,1,1,401,7,6.182
9715,id >= 0,icon != null && description != null,icon != null && null != description,0,0.00000,0.00000,0.00000,0.11310,0.22620,0.15080,1,2,513,7,6.999
9738,pattern != null,pattern != null,pattern != null,0,1.00000,1.00000,1.00000,1.00000,1.00000,1.00000,1,1,488,3,8.027
9747,!json.isEmpty() && json != null,json != null && !json.isEmpty(),!json.isEmpty() && json != null,0,1.00000,1.00000,1.00000,1.00000,1.00000,1.00000,2,2,422,9,5.037
9755,"kind.equals(""audio"") || kind.equals(""video"")",None,,0,0.00000,0.00000,0.00000,0.00000,0.00000,0.00000,1,0,367,1,6.893
9934,rootPlanId != null && null != currentPlanId && (!rootPlanId.equals(currentPlanId) || null == parentPlanId) && (null == parentPlanId || null != toolcallId),currentPlanId != null && !currentPlanId.trim().isEmpty() && rootPlanId != null && !rootPlanId.trim().isEmpty() && (parentPlanId == null || parentPlanId.trim().isEmpty() || (toolcallId != null && !toolcallId.trim().isEmpty() && !rootPlanId.equals(currentPlanId))),!currentPlanId.trim().isEmpty() && !rootPlanId.trim().isEmpty() && currentPlanId != null && null != rootPlanId && (parentPlanId.trim().isEmpty() || null == parentPlanId || !toolcallId.trim().isEmpty() && !rootPlanId.equals(currentPlanId) && null != toolcallId),0,0.48889,0.75000,0.59193,0.59167,0.81424,0.68534,4,5,1120,74,7.18
9969,depthLevel >= 0 && depthLevel <= 9,task != null,task != null,0,0.00000,0.00000,0.00000,0.17620,0.08810,0.11747,2,1,460,3,6.825
9970,depthLevel >= 0 && depthLevel <= 9,None,,0,0.00000,0.00000,0.00000,0.00000,0.00000,0.00000,2,0,462,1,5.964
9971,depthLevel >= 0 && depthLevel <= 9,task != null,task != null,0,0.00000,0.00000,0.00000,0.17620,0.08810,0.11747,2,1,446,3,8.023
9972,depthLevel >= 0 && depthLevel <= 9,None,,0,0.00000,0.00000,0.00000,0.00000,0.00000,0.00000,2,0,396,1,7.166
9998,desiredState == RootTaskManagerEntity.DesiredTaskState.STOP || desiredState == RootTaskManagerEntity.DesiredTaskState.CANCEL || desiredState == RootTaskManagerEntity.DesiredTaskState.PAUSE,None,,0,0.00000,0.00000,0.00000,0.00000,0.00000,0.00000,1,0,575,1,7.862
10027,!compressUrl || shortUrlService != null,page != null,page != null,0,0.00000,0.00000,0.00000,0.68890,0.34445,0.45927,1,1,716,3,8.962
10139,"language.equals(""zh"") || language.equals(""en"")","language != null && !language.trim().isEmpty() && (""zh"".equals(language) || ""en"".equals(language))","!language.trim().isEmpty() && (""zh"".equals(language) || ""en"".equals(language)) && language != null",0,0.33333,1.00000,0.50000,0.33333,1.00000,0.50000,1,3,505,25,10.288
10147,resultCount > 0,(resultCount > 0),resultCount > 0,0,1.00000,1.00000,1.00000,1.00000,1.00000,1.00000,1,1,366,6,6.623
10156,maxCacheSize > 0,maxCacheSize > 0,maxCacheSize > 0,0,1.00000,1.00000,1.00000,1.00000,1.00000,1.00000,1,1,376,6,5.71
10157,maxRetries >= 0,(maxRetries >= 0),maxRetries >= 0,0,1.00000,1.00000,1.00000,1.00000,1.00000,1.00000,1,1,368,6,6.523
10158,maxContentLength > 0,maxContentLength > 0,maxContentLength > 0,0,1.00000,1.00000,1.00000,1.00000,1.00000,1.00000,1,1,376,6,6.311
10167,"entryPrefix.endsWith(""/"")",jarFile != null,jarFile != null,0,0.00000,0.00000,0.00000,0.12000,0.12000,0.12000,1,1,473,4,14.099
10215,denominator != 0,denominator != 0,denominator != 0,0,1.00000,1.00000,1.00000,1.00000,1.00000,1.00000,1,1,376,5,7.605
10239,strength != Strength.REQUIRED,(!edits.containsKey(variable) && !strength.isRequired()),!edits.containsKey(variable) && !strength.isRequired(),0,0.00000,0.00000,0.00000,0.13793,0.27586,0.18391,1,2,502,13,6.242
10244,index >= 0 && index <= 255,index >= 0,index >= 0,0,1.00000,0.50000,0.66667,1.00000,0.50000,0.66667,2,1,518,4,10.073
10247,property != null,property != null,property != null,0,1.00000,1.00000,1.00000,1.00000,1.00000,1.00000,1,1,367,3,5.863
10277,maxWidth >= ellipsis.length(),(s != null && !s.isEmpty()),!s.isEmpty() && s != null,0,0.00000,0.00000,0.00000,0.16665,0.33330,0.22220,1,2,541,9,9.374
10335,level >= 1 && level <= 6,(level >= 1 && level <= 6) && style != null,level >= 1 && level <= 6 && style != null,0,0.66667,1.00000,0.80000,0.66667,1.00000,0.80000,2,3,412,14,5.736
10341,value >= 0,value >= 0,value >= 0,0,1.00000,1.00000,1.00000,1.00000,1.00000,1.00000,1,1,493,4,5.093
10370,reserved == null,None,,0,0.00000,0.00000,0.00000,0.00000,0.00000,0.00000,1,0,427,1,6.764
10379,a >= 0.0 && a <= 1.0,None,,0,0.00000,0.00000,0.00000,0.00000,0.00000,0.00000,2,0,984,1,8.198
10385,alpha >= 0.0 && alpha <= 1.0,None,,0,0.00000,0.00000,0.00000,0.00000,0.00000,0.00000,2,0,506,1,8.06
10386,milliseconds >= 0,milliseconds >= 0,milliseconds >= 0,0,1.00000,1.00000,1.00000,1.00000,1.00000,1.00000,1,1,362,4,5.683
10468,cause != null,cause != null,cause != null,0,1.00000,1.00000,1.00000,1.00000,1.00000,1.00000,1,1,350,3,7.046
10475,h >= 0 && 1 >= v && h <= 360 && 0 <= s && 0 <= v && s <= 1,None,,0,0.00000,0.00000,0.00000,0.00000,0.00000,0.00000,6,0,662,1,6.6
10482,x.length == y.length,x != null && y != null && x.length == y.length,x.length == y.length && x != null && null != y,0,0.33333,1.00000,0.50000,0.33333,1.00000,0.50000,1,3,479,13,5.29
10499,percent >= 0 && percent <= 100,(percent >= 0) && (percent <= 100),percent >= 0 && percent <= 100,0,1.00000,1.00000,1.00000,1.00000,1.00000,1.00000,2,2,394,12,4.426
10500,ratio >= 0.0 && ratio <= 1.0,(ratio >= 0.0) && (ratio <= 1.0),ratio >= 0.0 && ratio <= 1.0,0,1.00000,1.00000,1.00000,1.00000,1.00000,1.00000,2,2,405,17,15.867
10514,level >= 0.0 && level <= 1.0,None,,0,0.00000,0.00000,0.00000,0.00000,0.00000,0.00000,2,0,474,1,15.506
10515,!frames.isEmpty() && frames != null,frames != null && !frames.isEmpty(),!frames.isEmpty() && frames != null,0,1.00000,1.00000,1.00000,1.00000,1.00000,1.00000,2,2,381,9,14.837
10714,northLat <= 90 && -90 <= southLat && eastLon <= 180 && -180 <= westLon && northLat > southLat && eastLon > westLon,(southLat < northLat) && (westLon < eastLon),southLat < northLat && westLon < eastLon,0,1.00000,0.33333,0.50000,1.00000,0.33333,0.50000,6,2,616,15,14.544
10716,!Double.isNaN(lat1) && !Double.isInfinite(lat1) && !Double.isNaN(lon1) && !Double.isInfinite(lon1) && !Double.isNaN(lat2) && !Double.isInfinite(lat2) && !Double.isNaN(lon2) && !Double.isInfinite(lon2) && lat1 >= -90 && 90 >= lat2 && lon1 >= -180 && 180 >= lon2 && lat1 <= 90 && -90 <= lat2 && lon1 <= 180 && -180 <= lon2,None,,0,0.00000,0.00000,0.00000,0.00000,0.00000,0.00000,16,0,517,1,10.119
10717,!Double.isNaN(lon) && !Double.isInfinite(lon) && !Double.isNaN(lat) && !Double.isInfinite(lat) && lon >= -180 && lat >= -90 && lon <= 180 && lat <= 90 && lon != null && null != lat,(lon != null) && (lat != null),lon != null && null != lat,0,1.00000,0.20000,0.33333,1.00000,0.20000,0.33333,10,2,532,11,7.45
10795,"query.length() >= 2 && query != null && (type.equals(""place"") || type.equals(""city"") || type.equals(""country"") || null == type)",(query != null) && (query.trim().length() >= 2),query.trim().length() >= 2 && query != null,0,0.50000,0.33333,0.40000,0.92710,0.61807,0.74168,3,2,621,15,15.977
10796,size <= 200,page >= 0,page >= 0,0,0.00000,0.00000,0.00000,0.33330,0.33330,0.33330,1,1,751,4,7.904
10803,"""favorite"".equals(type)",request != null && request.getName() != null && !request.getName().trim().isEmpty(),!request.getName().trim().isEmpty() && request != null && null != request.getName(),0,0.00000,0.00000,0.00000,0.03967,0.11900,0.05950,1,3,672,21,14.25
10811,"pageSize <= 200 && (sortDirection == ""asc"" || sortDirection == ""desc"")",None,,0,0.00000,0.00000,0.00000,0.00000,0.00000,0.00000,2,0,717,1,12.951
10818,"pageSize <= 200 && (""favorite"".equals(type) || ""geocoding"".equals(type)) && (""asc"".equals(sortDirection) || ""desc"".equals(sortDirection))","(""favorite"".equalsIgnoreCase(type) || ""geocoding"".equalsIgnoreCase(type))","""favorite"".equalsIgnoreCase(type) || ""geocoding"".equalsIgnoreCase(type)",0,0.00000,0.00000,0.00000,0.43271,0.14424,0.21636,3,1,854,19,7.135
10836,stepIndex >= 1 && percentage >= 0 && stepIndex <= 9 && percentage <= 100,None,,0,0.00000,0.00000,0.00000,0.00000,0.00000,0.00000,4,0,490,1,5.099
10856,"tileUrl.contains(""{z}"") && tileUrl.contains(""{x}"") && tileUrl.contains(""{y}"") && (tileUrl.startsWith(""http://"") || tileUrl.startsWith(""https://""))","(tileUrl == null || tileUrl.trim().isEmpty() || (tileUrl.trim().toLowerCase().startsWith(""http://"") || tileUrl.trim().toLowerCase().startsWith(""https://"")) && !tileUrl.trim().toLowerCase().contains(""javascript:"") && !tileUrl.trim().toLowerCase().contains(""data:"") && !tileUrl.trim().toLowerCase().contains(""file:"") && !tileUrl.trim().toLowerCase().contains(""ftp:"") && tileUrl.contains(""{z}"") && tileUrl.contains(""{x}"") && tileUrl.contains(""{y}"") && !tileUrl.contains("".."") && tileUrl.length() <= 1000)","tileUrl.trim().isEmpty() || tileUrl == null || tileUrl.contains(""{z}"") && tileUrl.contains(""{x}"") && tileUrl.contains(""{y}"") && !tileUrl.contains("".."") && !tileUrl.trim().toLowerCase().contains(""javascript:"") && !tileUrl.trim().toLowerCase().contains(""data:"") && !tileUrl.trim().toLowerCase().contains(""file:"") && !tileUrl.trim().toLowerCase().contains(""ftp:"") && tileUrl.length() <= 1000 && (tileUrl.trim().toLowerCase().startsWith(""http://"") || tileUrl.trim().toLowerCase().startsWith(""https://""))",0,0.03333,0.25000,0.05882,0.21571,0.25000,0.23159,4,1,857,142,5.997
10857,"styleUrl.startsWith(""http://"") || styleUrl.startsWith(""https://"")","(styleUrl == null || styleUrl.trim().isEmpty()) || ((styleUrl.length() <= 1000) && (!styleUrl.contains("".."")) && (!styleUrl.contains(""{z}"")) && (!styleUrl.contains(""{x}"")) && (!styleUrl.contains(""{y}"")) && (styleUrl.trim().toLowerCase().startsWith(""http://"") || styleUrl.trim().toLowerCase().startsWith(""https://"")) && (!styleUrl.trim().toLowerCase().contains(""javascript:"")) && (!styleUrl.trim().toLowerCase().contains(""data:"")) && (!styleUrl.trim().toLowerCase().contains(""file:"")) && (!styleUrl.trim().toLowerCase().contains(""ftp:"")))","styleUrl.trim().isEmpty() || styleUrl == null || !styleUrl.contains("".."") && !styleUrl.trim().toLowerCase().contains(""ftp:"") && !styleUrl.contains(""{z}"") && !styleUrl.contains(""{x}"") && !styleUrl.contains(""{y}"") && !styleUrl.trim().toLowerCase().contains(""javascript:"") && !styleUrl.trim().toLowerCase().contains(""data:"") && !styleUrl.trim().toLowerCase().contains(""file:"") && styleUrl.length() <= 1000 && (styleUrl.trim().toLowerCase().startsWith(""http://"") || styleUrl.trim().toLowerCase().startsWith(""https://""))",0,0.00000,0.00000,0.00000,0.23047,0.51474,0.31839,1,1,888,149,7.799
10860,"redirectUrl.startsWith(""/"")","redirectUrl == null || redirectUrl.trim().isEmpty() || (redirectUrl.trim().startsWith(""/"") && !redirectUrl.trim().startsWith(""//"") && !redirectUrl.trim().toLowerCase().contains(""http:"") && !redirectUrl.trim().toLowerCase().contains(""https:"") && !redirectUrl.trim().toLowerCase().contains(""javascript:"") && !redirectUrl.trim().toLowerCase().contains(""data:"") && !redirectUrl.trim().contains("".."") && redirectUrl.trim().length() <= 1000)","redirectUrl.trim().isEmpty() || redirectUrl == null || redirectUrl.trim().startsWith(""/"") && !redirectUrl.trim().startsWith(""//"") && !redirectUrl.trim().toLowerCase().contains(""http:"") && !redirectUrl.trim().toLowerCase().contains(""https:"") && !redirectUrl.trim().toLowerCase().contains(""javascript:"") && !redirectUrl.trim().toLowerCase().contains(""data:"") && !redirectUrl.trim().contains("".."") && redirectUrl.trim().length() <= 1000",0,0.00000,0.00000,0.00000,0.14815,0.79412,0.24971,1,1,772,113,5.919
10918,interceptor != null,interceptor != null,interceptor != null,0,1.00000,1.00000,1.00000,1.00000,1.00000,1.00000,1,1,406,4,6.016
10921,radius <= 32,radius > 0 && radius <= 32,radius <= 32 && radius > 0,0,0.50000,1.00000,0.66667,0.50000,1.00000,0.66667,1,2,524,9,9.492
10924,radius <= 16,(radius > 0 && radius <= 16),radius <= 16 && radius > 0,0,0.50000,1.00000,0.66667,0.50000,1.00000,0.66667,1,2,536,10,4.266
10935,"""openai"".equals(providerId) || ""groq"".equals(providerId) || ""gemini"".equals(providerId)","providerId != null && (""openai"".equalsIgnoreCase(providerId) || ""groq"".equalsIgnoreCase(providerId) || ""gemini"".equalsIgnoreCase(providerId))","providerId != null && (""openai"".equalsIgnoreCase(providerId) || ""groq"".equalsIgnoreCase(providerId) || ""gemini"".equalsIgnoreCase(providerId))",0,0.00000,0.00000,0.00000,0.23835,0.47671,0.31780,1,2,457,37,6.007
10943,actionName != null && null != factory,(actionName != null && !actionName.isBlank()) && (factory != null),!actionName.isBlank() && actionName != null && null != factory,0,0.66667,1.00000,0.80000,0.66667,1.00000,0.80000,2,3,656,17,8.005
